place,countryOfOrigin,region,distributor,harvestYear,gradingDate,aroma,flavor,aftertaste,acidity,body,balance,uniformity,cleanCup,sweetness,cupperPoints,totalCupPoints,moisture,altitude
1,Ethiopia,guji-hambela,METAD Agricultural Development plc,2014,2015-04-04,8.67,8.83,8.67,8.75,8.5,8.42,10,10,10,8.75,90.58,0.12,2075
2,Ethiopia,guji-hambela,METAD Agricultural Development plc,2014,2015-04-04,8.75,8.67,8.5,8.58,8.42,8.42,10,10,10,8.58,89.92,0.12,2075
3,Ethiopia,oromia,METAD Agricultural Development plc,2014,2015-03-26,8.17,8.58,8.42,8.42,8.5,8.25,10,10,10,8.67,89,0.11,2000
4,Ethiopia,guji-hambela,METAD Agricultural Development plc,2014,2015-04-04,8.25,8.5,8.25,8.5,8.42,8.33,10,10,10,8.58,88.83,0.12,2075
5,Ethiopia,"snnp/kaffa zone,gimbowereda",METAD Agricultural Development plc,2014,2015-03-30,8.08,8.58,8.5,8.5,7.67,8.42,10,10,10,8.5,88.25,0.1,1822
6,Ethiopia,oromia,METAD Agricultural Development plc,2014,2015-03-27,8.17,8.67,8.25,8.5,7.75,8.17,10,10,10,8.58,88.08,0.1,1905
7,United States,antioquia,AlmacafÃ©,2014,2015-03-13,8.25,8.42,8.17,8.33,8.08,8.17,10,10,10,8.5,87.92,0,1872
8,United States,antioquia,AlmacafÃ©,2014,2015-03-13,8.08,8.67,8.33,8.42,8,8.08,10,10,10,8.33,87.92,0,1943
9,United States,antioquia,AlmacafÃ©,2014,2015-03-13,8,8.5,8.58,8.17,8.17,8,10,10,10,8.17,87.58,0,2080
10,China,yunnan,Yunnan Coffee Exchange,2015,2016-04-07,8.42,8.25,8.08,8.17,7.92,8,10,10,10,8.42,87.25,0.1,1450
11,Ethiopia,gedio,Blossom Valley International,2014,2015-03-25,8.17,8.17,8,8.17,8.08,8.33,10,10,10,8.33,87.25,0,1850
12,United States,antioquia,AlmacafÃ©,2014,2015-03-13,8,8.25,8.08,8.5,8.25,8,10,10,10,8.17,87.25,0,2019
13,Costa Rica,san ramon,Specialty Coffee Association,2014,2014-04-02,8.08,8.25,8,8.17,8,8.33,10,10,10,8.33,87.17,0.11,1300
14,Mexico,xalapa,AMECAFE,2012,2012-07-26,8.17,8.25,8.17,8,7.83,8.17,10,10,10,8.58,87.17,0.13,1320
15,United States,antioquia,AlmacafÃ©,2014,2015-03-13,8.25,8.33,8.17,8.17,7.83,8.17,10,10,10,8.17,87.08,0,2112
16,Brazil,south of minas,NUCOFFEE,2011,2011-12-03,8.5,8.5,8,8,8,8,10,10,10,7.92,86.92,0.12,1250
17,Uganda,kapchorwa eastern,Uganda Coffee Development Authority,2013,2014-06-26,8.42,8.17,8.17,8.17,7.83,7.92,10,10,10,8.17,86.83,0.12,1950
18,Honduras,comayagua,Instituto HondureÃ±o del CafÃ©,2016,2017-05-18,8.17,8.08,8.08,8,8.08,8,10,10,10,8.25,86.67,0.1,1400
19,Taiwan,"leye, alishan township, chiayi county",Specialty Coffee Association,2015,2016-05-18,8,8,8,8.25,8,8.17,10,10,10,8.17,86.58,0,1200
20,Brazil,vale da grama,NUCOFFEE,2011,2011-12-03,8.5,8.17,8,7.75,8,8,10,10,10,8,86.42,0.12,1300
21,Ethiopia,oromia,METAD Agricultural Development plc,2014,2015-03-27,8,8.08,7.92,8,8.08,8.08,10,10,10,8.08,86.25,0.1,1775
22,Kenya,muranga,Kenya Coffee Traders Association,2013,2014-05-30,8.08,8,8,8.25,7.92,7.92,10,10,10,8.08,86.25,0.12,1800
23,United States,antioquia,AlmacafÃ©,2014,2015-03-13,7.67,8.17,8,8,8.17,8.08,10,10,10,8.08,86.17,0,1941
24,Thailand,chiang rai,Specialty Coffee Association,2012,2012-04-12,7.83,8.33,7.83,8.25,7.58,7.92,10,10,10,8.42,86.17,0.1,1300
25,Kenya,nyeri,Kenya Coffee Traders Association,2014,2015-01-29,8.08,8.08,8,8,7.83,8.08,10,10,10,8,86.08,0.11,1754
26,Brazil,south of minas,NUCOFFEE,2011,2011-12-03,8.33,8,8,8,7.75,8,10,10,10,8,86.08,0.11,1250
27,Colombia,tolima,Specialty Coffee Association,2013,2014-03-20,7.75,7.92,7.83,8.08,8.08,8.17,10,10,10,8.17,86,0.12,1200
28,Kenya,kiambu,Specialty Coffee Association,2013,2014-02-06,7.92,8.17,7.83,8.5,7.5,7.92,10,10,10,8.17,86,0.11,1860
29,Uganda,"sipi, mt elgon",Africa Fine Coffee Association,2012,2012-02-13,8.25,8,7.83,8.08,8,7.92,10,10,10,7.92,86,0.1,1650
30,Uganda,eastern,Uganda Coffee Development Authority,2013,2014-06-30,8.17,8.17,7.92,8.08,7.83,7.75,10,10,10,8,85.92,0.12,1650
31,Colombia,huila,AlmacafÃ©,2013,2013-07-26,8,8,8,8.17,7.83,8,10,10,10,7.92,85.92,0,1800
32,Panama,boquete,Specialty Coffee Association of Costa Rica,2017,2017-10-09,8,8,7.92,8.08,7.83,8,10,10,10,8,85.83,0.08,1600
33,Ethiopia,oromia,METAD Agricultural Development plc,2014,2015-04-04,7.83,8.08,7.92,8.08,8,7.92,10,10,10,8,85.83,0.1,1900
34,Papua New Guinea,eastern highlands province,Specialty Coffee Association,2012,2012-10-25,8.33,8.42,7.83,8.33,8,8.25,9.33,9.33,10,7.92,85.75,0.12,1700
35,El Salvador,apaneca,Specialty Coffee Association,2013,2013-03-18,7.92,8.17,8,7.92,7.75,7.83,10,10,10,8,85.58,0.1,1500
36,El Salvador,"ataco, apaneca - ilamatepec mountain range",Specialty Coffee Association,2012,2013-01-12,7.83,8,8,7.75,7.92,8.17,10,10,10,7.92,85.58,0.11,1350
37,Panama,boquete,Blossom Valley International,2014,2015-05-23,8,7.75,7.83,7.83,7.67,8.58,10,10,10,7.83,85.5,0.09,1680
38,Kenya,kirinyaga,Blossom Valley International,2014,2015-05-23,7.92,7.92,7.83,8.08,7.83,7.92,10,10,10,8,85.5,0.1,1900
39,Ethiopia,oromia,METAD Agricultural Development plc,2015,2015-03-31,7.83,8,7.83,7.92,7.83,8.08,10,10,10,8,85.5,0.12,1900
40,Uganda,bulambuli eastern region,Uganda Coffee Development Authority,2013,2014-06-26,8.33,7.92,7.67,7.92,7.67,7.92,10,10,10,8.08,85.5,0.12,1600
41,Ethiopia,oromia,METAD Agricultural Development plc,2015,2015-03-31,7.75,7.83,7.83,8.17,7.92,7.83,10,10,10,8.08,85.42,0.1,1900
42,Uganda,kapchorwa,Uganda Coffee Development Authority,2013,2014-06-26,8.08,8,7.83,7.67,8,7.83,10,10,10,8,85.42,0.12,1950
43,Brazil,south of minas,NUCOFFEE,2011,2011-12-03,8,8,8,7.67,7.75,8,10,10,10,8,85.42,0.11,1250
44,China,yunnan,Yunnan Coffee Exchange,2015,2016-04-06,8,8,8,7.83,7.83,7.75,10,10,10,7.92,85.33,0.1,1700
45,Guatemala,huehuetenango,Blossom Valley International,2014,2015-05-23,7.83,7.75,7.83,7.67,7.83,8.58,10,10,10,7.83,85.33,0.11,1770
46,Costa Rica,west valley,Specialty Coffee Association,2014,2014-05-01,7.92,8.08,8,7.92,8,8.08,10,10,9.33,8,85.33,0,1300
47,Costa Rica,san ramon,Specialty Coffee Association,2014,2014-05-01,8,7.58,7.58,7.67,8.08,8.5,10,10,10,7.92,85.33,0.1,1300
48,Kenya,central kenya,Kenya Coffee Traders Association,2012,2013-04-19,7.83,8.08,7.75,8.08,7.92,7.75,10,10,10,7.92,85.33,0,1600
49,Kenya,central kenya,Kenya Coffee Traders Association,2012,2013-03-12,8,7.92,7.92,8.08,7.83,7.75,10,10,10,7.83,85.33,0,1200
50,Colombia,santander,AlmacafÃ©,2015,2015-04-08,8.17,7.92,7.83,8,7.58,7.83,10,10,10,7.92,85.25,0.11,1550
51,Colombia,santander,AlmacafÃ©,2014,2014-01-17,7.58,8.08,7.92,7.83,8,7.92,10,10,10,7.92,85.25,0.12,1550
52,Indonesia,lintong,Specialty Coffee Association,2012,2012-11-26,7.75,7.83,7.67,8,8.08,7.83,10,10,10,8,85.17,0.11,1325
53,Guatemala,huehuetenango,Specialty Coffee Association,2012,2012-01-18,8.25,8,7.67,7.92,7.75,7.67,10,10,10,7.92,85.17,0,1400
54,Ethiopia,aricha,Specialty Coffee Association,2014,2014-10-07,8.42,8,7.42,8,7.92,7.92,9.33,10,10,8.08,85.08,0.1,1700
55,Colombia,cundinamarca,AlmacafÃ©,2012,2012-03-16,7.83,8,7.75,7.75,7.83,7.83,10,10,10,8.08,85.08,0.11,2136
56,Uganda,eastern uganda,Uganda Coffee Development Authority,2016,2017-07-24,8.17,7.92,7.75,7.75,7.67,7.75,10,10,10,8,85,0.11,1800
57,Costa Rica,tarrazu,Specialty Coffee Association,2016,2017-01-30,7.83,8,7.58,7.92,7.92,7.83,10,10,10,7.92,85,0.12,1900
58,Mexico,veracruz,Centro AgroecolÃ³gico del CafÃ© A.C.,2015,2016-09-21,7.83,8,7.83,7.75,7.67,7.83,10,10,10,8.08,85,0.09,1300
59,Kenya,central kenya,Kenya Coffee Traders Association,2012,2013-04-19,7.75,7.83,7.75,8.08,8,7.75,10,10,10,7.83,85,0,1580
60,Brazil,grama valley,NUCOFFEE,2012,2012-02-29,8,8,7.83,7.83,7.67,7.67,10,10,10,8,85,0.12,1100
61,Colombia,huila,AlmacafÃ©,2015,2015-10-26,7.92,7.83,7.75,7.83,7.75,8,10,10,10,7.83,84.92,0.12,1775
62,United Republic Of Tanzania,mbeya,Africa Fine Coffee Association,2014,2014-12-12,8,7.83,7.83,7.92,7.75,7.75,10,10,10,7.83,84.92,0.12,1620
63,Colombia,huila,AlmacafÃ©,2012,2012-12-11,7.75,7.92,7.83,7.75,7.75,8,10,10,10,7.92,84.92,0.11,1775
64,Mexico,coatepec,AMECAFE,2012,2012-07-11,7.75,8,7.75,7.83,7.5,7.92,10,10,10,8.17,84.92,0.11,1200
65,Brazil,south of minas,NUCOFFEE,2011,2011-12-23,8,7.92,7.75,7.75,8,7.75,10,10,10,7.75,84.92,0.11,1200
66,Uganda,eastern,Uganda Coffee Development Authority,2013,2014-06-30,7.75,7.92,7.67,7.67,8.25,7.75,10,10,10,7.83,84.83,0.12,1650
67,Kenya,nyeri,Kenya Coffee Traders Association,2014,2015-06-02,7.92,7.83,7.58,7.92,7.75,7.83,10,10,10,7.92,84.75,0.13,1800
68,Honduras,marcala,Instituto HondureÃ±o del CafÃ©,2014,2014-04-25,7.83,7.75,8,7.67,7.67,7.67,10,10,10,8.17,84.75,0.11,1450
69,El Salvador,apaneca,Salvadoran Coffee Council,2016,2017-06-26,7.83,7.83,7.5,8,7.83,7.67,10,10,10,8,84.67,0,1350
70,Indonesia,"temanggung, indonesia",Specialty Coffee Association of Indonesia,2016,2016-11-24,7.92,7.83,7.75,7.75,7.75,7.75,10,10,10,7.92,84.67,0.12,1200
71,Costa Rica,tarrazu,Specialty Coffee Association of Costa Rica,2015,2016-10-04,8.08,7.75,7.67,7.83,7.5,7.92,10,10,10,7.92,84.67,0.1,1150
72,Guatemala,acatenango,Asociacion Nacional Del CafÃ©,2015,2016-06-01,7.75,7.83,7.58,8,7.92,7.75,10,10,10,7.83,84.67,0.1,1600
73,Costa Rica,tarrazu,Specialty Coffee Association of Costa Rica,2014,2015-07-06,8.17,8,7.83,7.17,7.83,7.75,10,10,10,7.92,84.67,0.12,1750
74,Ethiopia,yirgacheffe,Blossom Valley International,2014,2015-05-23,8.08,7.83,7.75,7.83,7.58,7.67,10,10,10,7.92,84.67,0.1,1900
75,Costa Rica,costa rica,Blossom Valley International,2014,2015-05-23,7.67,7.58,7.75,7.75,7.67,8.58,10,10,10,7.67,84.67,0.08,1750
76,Costa Rica,west valley,Specialty Coffee Association of Costa Rica,2014,2014-03-05,8,7.58,7.83,7.75,7.75,7.75,10,10,10,8,84.67,0.11,1200
77,Colombia,santander,AlmacafÃ©,2013,2013-12-20,7.75,7.83,7.75,7.83,7.75,7.83,10,10,10,7.92,84.67,0,1550
78,Kenya,nyeri,Specialty Coffee Institute of Asia,2012,2012-09-16,7.75,7.92,7.83,8,7.58,7.75,10,10,10,7.83,84.67,0.11,2000
79,Mexico,el remudadero,AMECAFE,2012,2012-07-02,7.83,7.58,7.67,7.92,7.92,7.83,10,10,10,7.92,84.67,0.13,1200
80,Uganda,mbale,Africa Fine Coffee Association,2012,2012-02-13,7.92,7.83,7.75,7.92,7.67,7.75,10,10,10,7.83,84.67,0.11,1775
81,Colombia,santander,AlmacafÃ©,2016,2017-01-10,7.83,7.67,7.58,7.92,7.67,7.83,10,10,10,8.08,84.58,0,1500
82,Kenya,nyeri,Kenya Coffee Traders Association,2013,2014-07-21,7.83,7.83,7.83,7.75,7.58,7.83,10,10,10,7.92,84.58,0.1,1800
83,Colombia,santander,AlmacafÃ©,2013,2013-12-20,7.67,7.67,7.58,7.75,7.58,8.5,10,10,10,7.83,84.58,0,1550
84,Colombia,huila,AlmacafÃ©,2013,2013-12-06,7.75,7.75,7.83,7.75,7.58,8,10,10,10,7.92,84.58,0,1750
85,Colombia,huila,AlmacafÃ©,2012,2013-07-17,7.67,7.83,7.83,8,7.58,7.92,10,10,10,7.75,84.58,0,1750
86,Costa Rica,tres rios,Specialty Coffee Association,2012,2013-03-12,7.75,7.83,7.75,8,7.83,7.67,10,10,10,7.75,84.58,0.12,1575
87,Colombia,huila,AlmacafÃ©,2012,2012-10-09,7.42,7.67,7.75,7.75,8.08,7.83,10,10,10,8.08,84.58,0.11,1800
88,Brazil,vale da grama,NUCOFFEE,2011,2011-12-23,8,8,7.75,7.75,7.58,7.75,10,10,10,7.75,84.58,0.12,1300
89,Brazil,mountains of minas gerais,NUCOFFEE,2011,2011-12-03,8.5,8,7.5,7.75,7.5,7.83,10,10,10,7.5,84.58,0.11,1100
90,Uganda,eastern uganda,Uganda Coffee Development Authority,2016,2017-03-14,7.92,7.75,7.67,7.75,7.83,7.75,10,10,10,7.83,84.5,0.11,1750
91,China,yunnan,Yunnan Coffee Exchange,2015,2016-04-06,7.75,7.92,7.67,7.83,7.75,7.67,10,10,10,7.92,84.5,0.1,1680
92,Costa Rica,tarrazu,Specialty Coffee Association of Costa Rica,2014,2015-07-06,7.92,7.83,7.83,7.83,7.58,7.58,10,10,10,7.92,84.5,0.11,1700
93,China,yunnan,Specialty Coffee Association,2013,2014-06-16,7.67,8,7.75,7.83,7.75,7.58,10,10,10,7.92,84.5,0,1100
94,Kenya,nyeri,Specialty Coffee Institute of Asia,2012,2012-09-16,7.92,7.83,7.67,8,7.67,7.75,10,10,10,7.67,84.5,0.11,2000
95,Mexico,hustusco,AMECAFE,2012,2012-07-11,8,7.92,7.42,8.08,7.5,7.67,10,10,10,7.92,84.5,0.12,1350
96,Mexico,jaltenango,AMECAFE,2012,2012-06-06,7.92,7.83,7.75,7.75,7.75,7.83,10,10,10,7.67,84.5,0.11,1500
97,Costa Rica,tarrazu,Specialty Coffee Association of Costa Rica,2016,2017-03-23,7.58,7.83,7.83,8,7.67,7.58,10,10,10,7.92,84.42,0.1,1300
98,Indonesia,sumatra brastagi,Specialty Coffee Association,2017,2017-03-14,7.67,7.67,7.83,7.58,7.83,7.83,10,10,10,8,84.42,0,1400
99,Colombia,huila,AlmacafÃ©,2014,2014-07-09,7.92,7.75,7.67,7.92,7.67,7.75,10,10,10,7.75,84.42,0,1775
100,Taiwan,"mountain ali, taiwan",Specialty Coffee Association,2012,2013-07-10,7.83,7.83,7.75,8,7.5,7.75,10,10,10,7.75,84.42,0.11,1200
101,Honduras,comayagua,Instituto HondureÃ±o del CafÃ©,2016,2017-05-11,7.92,8,7.75,7.67,7.67,7.75,10,10,10,7.58,84.33,0.1,1500
102,Honduras,central region,Instituto HondureÃ±o del CafÃ©,2016,2016-04-04,7.58,7.92,7.58,7.75,7.92,7.75,10,10,10,7.83,84.33,0.11,1500
103,Colombia,huila,AlmacafÃ©,2013,2013-07-19,7.75,7.58,7.33,7.83,7.58,8.08,10,10,10,8.17,84.33,0,1800
104,Mexico,tuxtla gutierrez,AMECAFE,2012,2012-07-27,8,7.75,7.75,7.83,7.5,7.67,10,10,10,7.83,84.33,0.12,1700
105,Brazil,vale da grama,NUCOFFEE,2011,2011-10-28,8.17,8,7.5,7.75,7.5,7.67,10,10,10,7.75,84.33,0,1275
106,Brazil,south of minas,NUCOFFEE,2011,2011-10-28,8,8,7.5,7.5,7.67,7.75,10,10,10,7.92,84.33,0.02,1050
107,Thailand,chiang rai thailand,Specialty Coffee Institute of Asia,2015,2016-11-02,7.83,7.75,7.75,7.42,7.83,7.67,10,10,10,8,84.25,0.12,1200
108,Guatemala,antigua,Asociacion Nacional Del CafÃ©,2016,2016-05-23,7.75,7.75,7.58,7.92,7.75,7.75,10,10,10,7.75,84.25,0.11,1500
109,China,yunnan,Yunnan Coffee Exchange,2015,2016-04-06,7.83,7.83,7.58,7.75,7.75,7.75,10,10,10,7.75,84.25,0.1,1400
110,Colombia,huila,AlmacafÃ©,2015,2015-11-19,7.67,7.67,7.75,7.75,7.67,7.92,10,10,10,7.83,84.25,0.11,1775
111,Colombia,huila,AlmacafÃ©,2015,2015-10-26,7.83,7.67,7.75,7.58,7.92,7.75,10,10,10,7.75,84.25,0.12,1775
112,United Republic Of Tanzania,shizingo village,Africa Fine Coffee Association,2014,2014-12-12,7.83,7.67,7.75,7.83,7.67,7.67,10,10,10,7.83,84.25,0.12,1620
113,United Republic Of Tanzania,mbeya,Africa Fine Coffee Association,2014,2014-12-12,7.83,7.75,7.75,7.75,7.67,7.75,10,10,10,7.75,84.25,0.12,1600
114,Colombia,cauca,AlmacafÃ©,2013,2013-10-01,7.58,7.5,7.75,7.83,7.92,7.83,10,10,10,7.83,84.25,0.11,1700
115,Mexico,san pedro cotzilnam,AMECAFE,2012,2012-09-11,7.83,7.92,7.67,7.83,7.5,7.75,10,10,10,7.75,84.25,0.12,1450
116,Mexico,veracruz,AMECAFE,2012,2012-04-09,7.83,7.83,7.75,7.67,7.83,7.58,10,10,10,7.75,84.25,0.12,1170
117,Mexico,"la concordia, chiapas",AMECAFE,2012,2012-04-02,7.83,7.92,7.67,7.75,7.5,7.75,10,10,10,7.83,84.25,0.1,1400
118,Uganda,kasese,Africa Fine Coffee Association,2012,2012-02-13,8.17,7.75,7.58,7.67,7.83,7.58,10,10,10,7.67,84.25,0.13,1700
119,Guatemala,san marcos,Asociacion Nacional Del CafÃ©,2017,2017-06-01,7.75,7.83,7.58,7.83,7.67,7.75,10,10,10,7.75,84.17,0.13,1700
120,Costa Rica,tarrazu,Specialty Coffee Association of Costa Rica,2016,2016-08-19,7.92,7.75,7.67,7.67,7.5,7.67,10,10,10,8,84.17,0.09,1700
121,Guatemala,solola,Asociacion Nacional Del CafÃ©,2016,2016-06-01,7.75,7.92,7.58,7.92,7.67,7.67,10,10,10,7.67,84.17,0.1,1565
122,Colombia,huila,AlmacafÃ©,2015,2015-08-18,8,7.5,7.5,7.67,8,7.83,10,10,10,7.67,84.17,0,1775
123,Brazil,cerrado,Brazil Specialty Coffee Association,2015,2015-04-24,7.67,7.75,7.75,7.67,7.83,7.75,10,10,10,7.75,84.17,0,1150
124,Costa Rica,tarrazu,Specialty Coffee Ass,2014,2015-04-10,7.67,7.75,7.67,7.75,7.5,8,10,10,10,7.83,84.17,0,1850
125,Ethiopia,snnprg; kafa; telo woreda; shada kebele,METAD Agricultural Development plc,2014,2015-03-26,7.5,7.92,7.58,7.83,7.75,7.83,10,10,10,7.75,84.17,0.1,1606.5
126,United Republic Of Tanzania,arusha,Africa Fine Coffee Association,2014,2014-12-12,7.92,7.75,7.75,7.75,7.75,7.58,10,10,10,7.67,84.17,0.13,1400
127,Brazil,"minas gerais, br",Specialty Coffee Association,2012,2013-05-20,7.58,7.83,7.75,7.67,7.67,8,10,10,10,7.67,84.17,0.11,1038.5
128,El Salvador,apaneca,Specialty Coffee Association,2013,2013-03-18,8.42,8.08,7.5,7.17,7.58,8.17,9.33,10,10,7.92,84.17,0.11,1500
129,Colombia,huila,AlmacafÃ©,2012,2012-10-19,7.75,7.75,7.75,7.75,7.83,7.75,10,10,10,7.58,84.17,0,1750
130,Uganda,mt. rwenzori,Africa Fine Coffee Association,2012,2012-02-13,7.83,7.75,7.5,7.83,7.83,7.75,10,10,10,7.67,84.17,0.11,1600
131,Colombia,huila,AlmacafÃ©,2014,2014-11-05,7.92,7.75,7.67,7.75,7.67,7.67,10,10,10,7.67,84.08,0,1775
132,Guatemala,"aldea xeucalvitz, ixil region, quiche department",Specialty Coffee Association,2014,2014-06-16,7.58,7.75,7.67,8,7.75,7.67,10,10,10,7.67,84.08,0.1,1550
133,Mexico,santo domingo cacalotepec,AMECAFE,2012,2012-09-04,7.67,7.75,7.67,7.75,7.67,7.75,10,10,10,7.83,84.08,0.11,1480
134,Ethiopia,"ethiopia, sidamo",Specialty Coffee Association,2012,2012-08-17,7.92,7.92,7.83,8,7.92,7.92,10,10,8.67,7.92,84.08,0.09,1800
135,Ethiopia,sidamo,Uganda Coffee Development Authority,2017,2017-06-05,7.83,7.75,7.67,7.75,7.33,7.75,10,10,10,7.92,84,0.11,1800
136,Honduras,comayagua,Instituto HondureÃ±o del CafÃ©,2017,2017-05-11,7.42,7.83,7.75,7.92,7.75,7.58,10,10,10,7.75,84,0.1,1500
137,Colombia,huila,AlmacafÃ©,2014,2014-05-27,7.67,7.75,7.67,7.67,7.67,7.75,10,10,10,7.83,84,0.12,1480
138,Colombia,santander,AlmacafÃ©,2014,2014-05-27,7.58,7.42,7.75,7.92,7.75,7.92,10,10,10,7.67,84,0.12,1450
139,Colombia,huila,AlmacafÃ©,2014,2014-04-08,7.67,7.67,7.5,7.5,7.67,7.67,10,10,10,8.33,84,0.12,1775
140,Ethiopia,sidamo,Specialty Coffee Association,2013,2014-01-17,7.75,7.75,7.5,7.58,7.67,7.92,10,10,10,7.83,84,0.09,1550
141,Colombia,cauca,AlmacafÃ©,2013,2013-06-21,7.67,7.83,7.67,7.75,7.67,7.75,10,10,10,7.67,84,0.11,1700
142,Kenya,blend,Kenya Coffee Traders Association,2012,2013-03-08,7.67,7.83,7.5,7.75,7.92,7.67,10,10,10,7.67,84,0,1200
143,Kenya,central kenya,Kenya Coffee Traders Association,2012,2012-05-31,7.67,7.75,7.67,7.75,7.83,7.67,10,10,10,7.67,84,0,1650
144,Uganda,kasese,Africa Fine Coffee Association,2012,2012-02-13,7.92,7.75,7.58,7.67,7.67,7.83,10,10,10,7.58,84,0.1,1700
145,Mexico,veracruz,Centro AgroecolÃ³gico del CafÃ© A.C.,2017,2017-07-03,7.83,7.83,7.58,7.92,7.42,7.5,10,10,10,7.83,83.92,0.11,1300
146,Thailand,chiangrai,Specialty Coffee Association,2015,2016-10-18,7.67,7.75,7.5,7.67,7.67,7.83,10,10,10,7.83,83.92,0.1,1350
147,Taiwan,"leye, alishan township, chiayi county ????????",Specialty Coffee Association,2015,2016-05-18,7.83,7.75,7.83,7.75,7.83,7.75,9.33,10,10,7.83,83.92,0.11,1200
148,Colombia,huila,AlmacafÃ©,2014,2014-12-12,7.75,7.58,7.67,7.83,7.83,7.67,10,10,10,7.58,83.92,0,1775
149,Colombia,santander,AlmacafÃ©,2014,2014-01-17,7.67,7.83,7.67,7.75,7.67,7.83,10,10,10,7.5,83.92,0.12,1550
150,Mexico,la concordia,AMECAFE,2012,2012-06-06,7.5,7.67,7.58,7.83,7.75,7.75,10,10,10,7.83,83.92,0.11,1500
151,Mexico,la yerbabuena,AMECAFE,2012,2012-04-02,7.75,7.92,7.83,7.92,7.75,7.67,9.33,10,10,7.75,83.92,0,1400
152,Costa Rica,tarrazu,Specialty Coffee Association of Costa Rica,2015,2016-06-06,7.67,7.67,7.75,7.67,7.5,7.75,10,10,10,7.83,83.83,0,1850
153,Guatemala,antigua,Asociacion Nacional Del CafÃ©,2016,2016-05-23,7.75,7.75,7.5,7.75,7.83,7.58,10,10,10,7.67,83.83,0.11,1500
154,Taiwan,??,Blossom Valley International,2016,2016-02-23,7.75,7.67,7.5,7.75,7.75,7.67,10,10,10,7.75,83.83,0,1200
155,Ethiopia,oromia,METAD Agricultural Development plc,2014,2015-03-31,7.75,7.75,7.67,7.67,7.58,7.67,10,10,10,7.75,83.83,0.12,1676.5
156,Costa Rica,central valley,Specialty Coffee Association of Costa Rica,2013,2014-06-09,7.83,7.42,7.5,7.83,7.75,7.83,10,10,10,7.67,83.83,0.1,1300
157,Colombia,huila,AlmacafÃ©,2013,2013-09-03,7.67,7.58,7.58,7.83,7.58,7.67,10,10,10,7.92,83.83,0.11,1750
158,Mexico,petatlan,AMECAFE,2012,2012-07-26,7.67,8,7.67,7.42,7.67,7.5,10,10,10,7.92,83.83,0.1,1218
159,Mexico,"la concordia, chiapas",AMECAFE,2012,2012-06-06,7.67,7.58,7.5,7.75,7.75,7.75,10,10,10,7.83,83.83,0.11,1300
160,China,yunnan,Yunnan Coffee Exchange,2015,2016-04-06,7.83,7.75,7.67,7.5,7.58,7.67,10,10,10,7.75,83.75,0.1,1650
161,Uganda,west nile,Uganda Coffee Development Authority,2013,2014-06-30,8,7.92,7.58,7.75,7.33,7.5,10,10,10,7.67,83.75,0.12,1400
162,Colombia,huila,AlmacafÃ©,2014,2014-02-05,7.67,7.67,7.67,7.92,7.5,7.67,10,10,10,7.67,83.75,0,1775
163,Colombia,huila,AlmacafÃ©,2014,2014-01-24,7.67,7.42,7.42,7.42,8,8.33,10,10,10,7.5,83.75,0,1550
164,Colombia,huila,AlmacafÃ©,2013,2013-11-22,7.58,7.67,7.75,7.67,7.67,7.67,10,10,10,7.75,83.75,0,1750
165,Colombia,huila,AlmacafÃ©,2013,2013-08-27,7.75,7.67,7.75,7.58,7.42,8,10,10,10,7.58,83.75,0.11,1750
166,Guatemala,quetzaltenango,Specialty Coffee Association,2012,2012-05-24,7.67,7.58,7.58,7.67,7.75,7.75,10,10,10,7.75,83.75,0.11,1300
167,Kenya,meru county,Kenya Coffee Traders Association,2017,2017-09-01,8.08,7.67,7.67,7.58,7.25,7.67,10,10,10,7.75,83.67,0.11,1700
168,Honduras,comayagua,Instituto HondureÃ±o del CafÃ©,2016,2017-05-11,7.5,7.5,7.67,7.67,8,8,10,10,10,7.33,83.67,0.1,1400
169,Nicaragua,jinotega,Instituto HondureÃ±o del CafÃ©,2016,2017-05-11,7.67,7.75,7.67,7.67,7.83,7.58,10,10,10,7.5,83.67,0.1,1250
170,Taiwan,"leye, alishan township, chiayi county",Specialty Coffee Association,2015,2016-05-18,7.5,7.67,7.33,7.92,7.83,7.67,10,10,10,7.75,83.67,0.1,1200
171,Colombia,huila supremo,AlmacafÃ©,2013,2013-10-29,7.83,7.75,7.67,7.58,7.58,7.67,10,10,10,7.58,83.67,0,1750
172,Colombia,huila,AlmacafÃ©,2013,2013-08-16,7.67,7.67,7.67,7.67,7.33,7.75,10,10,10,7.92,83.67,0,1900
173,Colombia,huila,AlmacafÃ©,2012,2012-11-22,7.75,7.75,7.58,7.83,7.17,7.75,10,10,10,7.83,83.67,0.11,1750
174,Guatemala,oriente,Specialty Coffee Association,2012,2012-08-23,8.17,8.17,7.83,7.67,8.08,7.75,9.33,9.33,9.33,8,83.67,0.11,1450
175,Mexico,xicotepec de juarez,AMECAFE,2012,2012-07-02,7.67,7.5,7.5,7.33,7.83,8.25,10,10,10,7.58,83.67,0.12,1100
176,Indonesia,east java,Specialty Coffee Association of Indonesia,2012,2012-05-23,8.17,7.67,7.58,7.58,7.42,7.67,10,10,10,7.58,83.67,0.12,1400
177,China,yunnan,Yunnan Coffee Exchange,2015,2016-04-06,7.67,7.58,7.58,7.58,7.67,7.75,10,10,10,7.75,83.58,0.1,1100
178,Colombia,huila,AlmacafÃ©,2015,2015-11-19,7.67,7.75,7.58,7.67,7.75,7.58,10,10,10,7.58,83.58,0.12,1775
179,Mexico,"chiapas, jaltenango",AsociaciÃ³n Mexicana De CafÃ©s,2014,2015-05-12,7.75,7.75,7.58,7.58,7.5,7.67,10,10,10,7.75,83.58,0.12,1200
180,Ethiopia,yirgacheffe,Blossom Valley International,2014,2015-03-25,7.75,7.67,7.58,7.67,7.5,7.67,10,10,10,7.75,83.58,0,1850
181,Uganda,eastern,Uganda Coffee Development Authority,2013,2014-06-27,7.67,7.67,7.42,7.75,7.75,7.67,10,10,10,7.67,83.58,0.12,1800
182,Colombia,cundinamarca,AlmacafÃ©,2014,2014-06-24,7.67,7.58,7.67,7.67,7.67,7.67,10,10,10,7.67,83.58,0,1600
183,Colombia,santander,AlmacafÃ©,2014,2014-03-13,7.67,7.58,7.67,7.58,7.67,7.75,10,10,10,7.67,83.58,0.12,1550
184,Colombia,santander,AlmacafÃ©,2014,2014-03-21,7.75,7.58,7.5,7.58,7.75,7.83,10,10,10,7.58,83.58,0,1550
185,Colombia,huila,AlmacafÃ©,2012,2012-08-31,7.67,7.67,7.58,7.67,7.75,7.58,10,10,10,7.67,83.58,0.11,1775
186,Colombia,cundinamarca,AlmacafÃ©,2012,2012-04-02,7.67,7.58,7.58,7.58,7.67,7.75,10,10,10,7.75,83.58,0.11,2136
187,Brazil,south of minas,NUCOFFEE,2012,2012-01-23,7.83,7.75,7.5,7.75,7.5,7.58,10,10,10,7.67,83.58,0.12,1100
188,Colombia,cundinamarca,AlmacafÃ©,2016,2017-02-20,7.75,7.58,7.58,7.75,7.75,7.5,10,10,10,7.58,83.5,0,1799
189,Costa Rica,tarrazu,Specialty Coffee Association of Costa Rica,2015,2016-06-06,7.92,7.42,7.5,7.67,7.5,7.67,10,10,10,7.83,83.5,0,1850
190,Colombia,huila,AlmacafÃ©,2015,2015-11-19,7.58,7.58,7.58,7.58,7.75,7.67,10,10,10,7.75,83.5,0.12,1775
191,United Republic Of Tanzania,nkure- meru,Africa Fine Coffee Association,2015,2015-11-16,7.75,7.67,7.58,7.67,7.67,7.58,10,10,10,7.58,83.5,0.13,1400
192,Indonesia,bener meriah,Specialty Coffee Association,2015,2015-09-14,7.25,7.67,7.58,7.92,7.83,7.58,10,10,10,7.67,83.5,0.13,1500
193,Ethiopia,oromia,METAD Agricultural Development plc,2014,2015-03-31,7.67,7.75,7.5,7.58,7.75,7.67,10,10,10,7.58,83.5,0.1,1600
194,Colombia,huila,AlmacafÃ©,2014,2015-01-22,8,7.58,7.25,7.58,7.92,7.58,10,10,10,7.58,83.5,0.11,1850
195,Guatemala,atitlan,Specialty Coffee Association of Costa Rica,2013,2014-12-18,7.58,7.75,7.5,7.83,7.42,7.67,10,10,10,7.75,83.5,0.1,1400
196,Colombia,cundinamarca,AlmacafÃ©,2014,2014-08-11,7.75,7.58,7.33,7.5,7.83,7.83,10,10,10,7.67,83.5,0,1650
197,Colombia,huila,AlmacafÃ©,2013,2013-04-26,7.58,7.75,7.42,7.67,7.75,7.67,10,10,10,7.67,83.5,0,1750
198,Colombia,huila,AlmacafÃ©,2013,2013-05-24,7.58,7.67,7.58,7.75,7.58,7.75,10,10,10,7.58,83.5,0.11,1750
199,Mexico,xalapa,AMECAFE,2012,2012-08-31,7.83,7.58,7.25,7.5,7.5,7.42,10,10,10,8.42,83.5,0.13,1170
200,Mexico,totutla,AMECAFE,2012,2012-07-11,7.75,7.67,7.67,7.75,7.33,7.5,10,10,10,7.83,83.5,0.12,1400
201,Colombia,huila,AlmacafÃ©,2012,2012-02-09,7.67,7.58,7.58,7.67,7.67,7.67,10,10,10,7.67,83.5,0.11,1775
202,Guatemala,san marcos,Asociacion Nacional Del CafÃ©,2017,2017-08-23,7.67,7.75,7.5,7.58,7.58,7.67,10,10,10,7.67,83.42,0.1,1700
203,Costa Rica,tarrazu,Specialty Coffee Association of Costa Rica,2016,2017-02-17,7.58,7.5,7.42,7.92,7.5,7.67,10,10,10,7.83,83.42,0.09,1850
204,Uganda,eastern,Uganda Coffee Development Authority,2015,2016-07-21,7.58,7.75,7.33,7.75,7.67,7.58,10,10,10,7.75,83.42,0.11,1800
205,Thailand,thailand,Specialty Coffee Institute of Asia,2015,2016-06-27,7.5,7.58,7.75,7.5,7.75,7.67,10,10,10,7.67,83.42,0.13,1200
206,El Salvador,apaneca,Salvadoran Coffee Council,2016,2016-04-25,7.58,7.5,7.75,7.58,7.75,7.67,10,10,10,7.58,83.42,0.11,1330
207,United Republic Of Tanzania,karatu northern,Africa Fine Coffee Association,2014,2014-12-12,7.75,7.67,7.58,7.67,7.58,7.58,10,10,10,7.58,83.42,0.13,1600
208,Guatemala,antigua,Asociacion Nacional Del CafÃ©,2014,2014-02-18,7.67,7.75,7.5,7.83,7.58,7.5,10,10,10,7.58,83.42,0.1,1500
209,Colombia,cundinamarca,AlmacafÃ©,2012,2012-06-26,7.5,7.75,7.58,7.5,7.67,7.75,10,10,10,7.67,83.42,0.11,1450
210,Colombia,huila,AlmacafÃ©,2016,2016-11-08,7.75,7.5,7.75,7.58,7.58,7.58,10,10,10,7.58,83.33,0,1650
211,Mexico,chiapas,AsociaciÃ³n Mexicana De CafÃ©s,2014,2015-07-14,7.75,7.75,7.5,7.67,7.5,7.58,10,10,10,7.58,83.33,0.12,1200
212,Colombia,santander,AlmacafÃ©,2015,2015-04-08,7.67,7.75,7.42,7.83,7.83,7.42,10,10,10,7.42,83.33,0.11,1650
213,United Republic Of Tanzania,arusha,Africa Fine Coffee Association,2014,2014-12-12,7.75,7.58,7.67,7.58,7.58,7.58,10,10,10,7.58,83.33,0.12,1700
214,Mexico,veracruz,AMECAFE,2013,2014-07-15,7.67,7.67,7.58,7.67,7.5,7.58,10,10,10,7.67,83.33,0.12,1100
215,Costa Rica,san ramon,Specialty Coffee Association,2014,2014-04-07,7.67,7.67,7.42,7.67,7.67,7.67,10,10,10,7.58,83.33,0.12,1300
216,Costa Rica,central valley,Specialty Coffee Association of Costa Rica,2013,2014-02-14,7.5,7.67,7.67,7.5,7.83,7.17,10,10,10,8,83.33,0.11,1200
217,Burundi,kayanza,Specialty Coffee Association,2012,2012-08-29,7.75,7.67,7.33,7.5,7.5,7.75,10,10,10,7.83,83.33,0,1880
218,Colombia,huila,AlmacafÃ©,2012,2012-05-30,7.5,7.67,7.67,7.58,7.67,7.58,10,10,10,7.67,83.33,0,1750
219,Mexico,sierra madre occidental,Centro AgroecolÃ³gico del CafÃ© A.C.,2017,2017-03-07,7.67,7.83,7.42,7.83,7.33,7.5,10,10,10,7.67,83.25,0.11,1600
220,Costa Rica,tarrazu,Specialty Coffee Association,2016,2017-01-30,7.5,7.5,7.83,7.5,7.67,7.67,10,10,10,7.58,83.25,0.11,1900
221,Guatemala,nuevo oriente,Asociacion Nacional Del CafÃ©,2016,2016-08-12,7.5,7.58,7.42,7.83,7.67,7.58,10,10,10,7.67,83.25,0.11,2100
222,Mexico,cuarenteÃ±o,AsociaciÃ³n Mexicana De CafÃ©s,2015,2015-07-14,7.83,7.75,7.5,7.58,7.58,7.58,10,10,10,7.42,83.25,0.12,1261
223,Colombia,eje cafetero,AlmacafÃ©,2014,2014-06-24,7.58,7.58,7.5,7.58,7.58,7.75,10,10,10,7.67,83.25,0,1483
224,Guatemala,antigua,Asociacion Nacional Del CafÃ©,2014,2014-03-07,7.5,7.67,7.58,7.67,7.67,7.5,10,10,10,7.67,83.25,0.1,1500
225,Colombia,huila,AlmacafÃ©,2013,2013-08-02,7.83,7.5,7.67,7.33,7.67,7.67,10,10,10,7.58,83.25,0.11,1750
226,Mexico,chiapas,AMECAFE,2013,2013-03-29,7.58,7.75,7.5,7.5,7.58,7.58,10,10,10,7.75,83.25,0.12,1300
227,Brazil,grama valley,NUCOFFEE,2012,2012-02-23,7.75,7.67,7.5,7.58,7.58,7.58,10,10,10,7.58,83.25,0.11,1200
228,Colombia,la plata,AlmacafÃ©,2012,2012-02-09,7.67,7.67,7.5,7.5,7.58,7.67,10,10,10,7.67,83.25,0.11,1775
229,Guatemala,oriente,Asociacion Nacional Del CafÃ©,2017,2017-08-24,7.58,7.58,7.33,7.67,7.75,7.58,10,10,10,7.67,83.17,0.1,1901
230,Vietnam,dala,Specialty Coffee Association,2017,2017-05-08,7.58,7.42,7.08,7.33,7.58,8.58,10,10,10,7.58,83.17,0.07,1550
231,Guatemala,antigua,Asociacion Nacional Del CafÃ©,2016,2016-05-23,7.67,7.75,7.42,7.75,7.58,7.5,10,10,10,7.5,83.17,0.11,1500
232,Honduras,marcala,Instituto HondureÃ±o del CafÃ©,2016,2016-05-02,7.67,7.67,7.5,7.67,7.5,7.67,10,10,10,7.5,83.17,0.11,1450
233,China,yunnan,Yunnan Coffee Exchange,2015,2016-04-06,7.5,7.67,7.33,7.67,7.67,7.67,10,10,10,7.67,83.17,0.11,1200
234,China,dehong prefecture,Yunnan Coffee Exchange,2015,2016-04-05,7.67,7.67,7.5,7.67,7.42,7.58,10,10,10,7.67,83.17,0.1,1600
235,El Salvador,apaneca,Salvadoran Coffee Council,2016,2016-03-29,7.5,7.5,7.33,7.67,8,7.67,10,10,10,7.5,83.17,0,1350
236,Guatemala,antigua,Asociacion Nacional Del CafÃ©,2015,2015-10-29,7.5,7.75,7.5,7.83,7.58,7.5,10,10,10,7.5,83.17,0.11,1500
237,Guatemala,oriente,Asociacion Nacional Del CafÃ©,2015,2015-09-29,7.92,7.67,7.42,7.75,7.5,7.5,10,10,10,7.42,83.17,0.12,1650
238,United Republic Of Tanzania,mbinga,Africa Fine Coffee Association,2014,2014-12-12,7.58,7.67,7.67,7.58,7.42,7.58,10,10,10,7.67,83.17,0.13,1653
239,Colombia,huila,AlmacafÃ©,2014,2014-11-05,7.58,7.5,7.5,7.67,7.5,7.67,10,10,10,7.75,83.17,0,1775
240,Uganda,eastern,Uganda Coffee Development Authority,2014,2014-10-28,8,7.67,7.5,7.42,7.33,7.58,10,10,10,7.67,83.17,0.1,1800
241,Honduras,san marcos,Instituto HondureÃ±o del CafÃ©,2013,2014-04-12,7.5,7.5,7.5,7.67,7.67,7.67,10,10,10,7.67,83.17,0.1,1450
242,United Republic Of Tanzania,kilimanjaro,Tanzanian Coffee Board,2014,2014-01-31,7.58,7.5,7.58,7.75,7.58,7.58,10,10,10,7.58,83.17,0.12,1800
243,Mexico,chiapas,AMECAFE,2013,2013-03-29,7.75,7.58,7.58,7.58,7.5,7.42,10,10,10,7.75,83.17,0.11,1500
244,Mexico,san bartolo tutotepec,AMECAFE,2012,2012-09-27,7.58,7.75,7.42,7.67,7.5,7.58,10,10,10,7.67,83.17,0.14,1089
245,Colombia,huila,AlmacafÃ©,2012,2012-08-31,7.67,7.5,7.5,7.5,7.58,8.17,10,10,10,7.25,83.17,0.11,1775
246,Colombia,huila,AlmacafÃ©,2012,2012-06-08,7.58,7.67,7.5,7.58,7.67,7.67,10,10,10,7.5,83.17,0.11,1750
247,Mexico,la concordia,AMECAFE,2012,2012-06-06,7.5,7.75,7.58,7.58,7.67,7.5,10,10,10,7.58,83.17,0.11,1380
248,Colombia,cundinamarca,AlmacafÃ©,2016,2017-02-20,7.58,7.67,7.33,7.67,7.75,7.58,10,10,10,7.5,83.08,0,1799
249,Costa Rica,central valley,Specialty Coffee Association of Costa Rica,2014,2014-07-15,7.83,7.33,7.5,7.67,7.58,7.67,10,10,10,7.5,83.08,0.1,1300
250,Mexico,santa catarina juquila,AMECAFE,2012,2012-06-06,7.75,7.67,7.42,7.75,7.5,7.5,10,10,10,7.5,83.08,0.1,1400
251,Indonesia,dolok sanggul,Specialty Coffee Association of Indonesia,2010,2010-11-29,7.67,7.58,7.5,7.58,7.67,7.58,10,10,10,7.5,83.08,0,1350
252,Uganda,"kasese, mt. rwenzori",Uganda Coffee Development Authority,2015,2016-07-18,7.67,7.58,7.42,7.42,7.83,7.5,10,10,10,7.58,83,0.12,1473
253,Uganda,"kasese, mt. rwenzori",Uganda Coffee Development Authority,2015,2016-07-18,7.67,7.67,7.5,7.58,7.42,7.5,10,10,10,7.67,83,0.12,1645
254,Vietnam,vietnam cau dat,Specialty Coffee Association,2014,2015-12-28,7.75,7.67,7.58,7.58,7.42,7.67,9.33,10,10,8,83,0,1550
255,Guatemala,nuevo oriente,Asociacion Nacional Del CafÃ©,2015,2015-07-08,7.67,7.75,7.33,7.92,7.42,7.5,10,10,10,7.42,83,0.11,1550
256,Guatemala,antigua,Asociacion Nacional Del CafÃ©,2015,2015-04-23,7.83,7.67,7.25,7.67,7.75,7.5,10,10,10,7.33,83,0.11,1500
257,Taiwan,?????,Blossom Valley International,2014,2014-11-23,7.92,7.92,7.83,7.58,7.33,7.25,10,10,10,7.17,83,0.08,1200
258,Uganda,kapchorwa,Uganda Coffee Development Authority,2013,2014-06-26,7.83,7.58,7.5,7.5,7.58,7.5,10,10,10,7.5,83,0.12,1800
259,Guatemala,antigua,Asociacion Nacional Del CafÃ©,2014,2014-03-07,7.67,7.67,7.42,7.83,7.5,7.5,10,10,10,7.42,83,0.1,1500
260,Costa Rica,central valley,Specialty Coffee Association of Costa Rica,2013,2014-02-14,7.67,7.58,7.5,7.58,7.5,7.5,10,10,10,7.67,83,0.11,1200
261,Colombia,huila,AlmacafÃ©,2013,2013-11-07,7.75,7.42,7.33,7.5,7.58,7.17,10,10,10,8.25,83,0.11,1775
262,Colombia,huila,AlmacafÃ©,2013,2013-08-02,7.83,7.5,7.58,7.33,7.5,7.67,10,10,10,7.58,83,0,1750
263,Colombia,huila,AlmacafÃ©,2012,2012-10-23,7.5,7.5,7.42,7.58,7.75,7.58,10,10,10,7.67,83,0.11,1775
264,Mexico,atoyac de alvarez,AMECAFE,2012,2012-07-26,7.67,7.83,7.5,7.58,7.58,7.67,9.33,10,10,7.83,83,0.11,1200
265,Mexico,coatepec,AMECAFE,2012,2012-07-11,7.5,7.67,7.5,7.5,7.58,7.58,10,10,10,7.67,83,0.11,1200
266,Colombia,huila,AlmacafÃ©,2012,2012-05-11,7.75,7.58,7.5,7.67,7.83,7.75,9.33,10,10,7.58,83,0,1625
267,Colombia,huila,AlmacafÃ©,2012,2012-06-08,7.67,7.58,7.58,7.58,7.67,7.42,10,10,10,7.5,83,0.11,1750
268,Colombia,la plata,AlmacafÃ©,2011,2011-12-02,7.67,7.67,7.58,7.5,7.67,7.42,10,10,10,7.5,83,0.12,1775
269,El Salvador,apaneca,Salvadoran Coffee Council,2017,2017-08-28,7.5,7.5,7.75,7.58,7.92,7.83,10,10,9.33,7.5,82.92,0,1350
270,Colombia,guayata,AlmacafÃ©,2017,2017-07-07,7.58,7.67,7.5,7.33,7.67,7.58,10,10,10,7.58,82.92,0.11,1500
271,Ethiopia,"blida,kercha,guji,oromia",Blossom Valley International,2016,2016-02-26,7.58,7.58,7.5,7.5,7.58,7.58,10,10,10,7.58,82.92,0,2000
272,Philippines,"bukidnon, mindanao, philppines",Torch Coffee Lab Yunnan,2015,2015-07-31,7.58,7.58,7.67,7.58,7.5,7.5,10,10,10,7.5,82.92,0.11,1200
273,Philippines,asia pacific,Specialty Coffee Association,2014,2015-07-21,8.08,7.5,7.67,7.42,7.33,7.5,10,10,10,7.42,82.92,0,1600
274,Mexico,cuarenteÃ±o,AsociaciÃ³n Mexicana De CafÃ©s,2015,2015-07-14,7.83,7.67,7.25,7.58,7.5,7.5,10,10,10,7.58,82.92,0.13,1059
275,Mexico,chiapas,Specialty Coffee Association,2015,2015-06-11,7.75,7.67,7.42,7.42,7.75,7.5,10,10,10,7.42,82.92,0.12,1300
276,Uganda,eastern,Uganda Coffee Development Authority,2013,2014-06-27,8,7.5,7.5,7.58,7.33,7.42,10,10,10,7.58,82.92,0.12,1650
277,Uganda,west nile,Uganda Coffee Development Authority,2013,2014-06-27,7.75,7.58,7.58,7.5,7.5,7.5,10,10,10,7.5,82.92,0.12,1400
278,Guatemala,antigua,Asociacion Nacional Del CafÃ©,2014,2014-04-03,7.75,7.5,7.42,7.58,7.67,7.5,10,10,10,7.5,82.92,0.1,1500
279,Guatemala,antigua,Asociacion Nacional Del CafÃ©,2014,2014-03-07,7.67,7.83,7.42,7.5,7.33,7.5,10,10,10,7.67,82.92,0.1,1500
280,Colombia,huila,AlmacafÃ©,2013,2013-09-13,7.58,7.5,7.75,7.33,7.58,7.58,10,10,10,7.58,82.92,0.11,1900
281,Colombia,huila,AlmacafÃ©,2013,2013-03-20,7.75,7.5,7.25,7.5,7.75,7.5,10,10,10,7.67,82.92,0,1750
282,Colombia,antioquia,AlmacafÃ©,2013,2013-01-22,7.83,7.67,7.42,7.42,7.5,7.58,10,10,10,7.5,82.92,0.11,1450
283,Mexico,petatlan,AMECAFE,2012,2012-07-26,7.58,7.58,7.33,7.25,7.58,7.75,10,10,10,7.83,82.92,0.1,1248
284,Vietnam,don duong,Specialty Coffee Association,2012,2012-07-20,7.67,7.33,7.17,7.58,8.08,7.42,10,10,10,7.67,82.92,0,1040
285,Mexico,la cumbre,AMECAFE,2012,2012-03-05,8,7.92,7.67,7.17,7.67,7.42,9.33,10,10,7.75,82.92,0.14,1400
286,Kenya,nyeri,Kenya Coffee Traders Association,2017,2017-10-13,7.75,7.58,7.42,7.58,7.5,7.5,10,10,10,7.5,82.83,0.1,1754
287,Guatemala,san marcos,Asociacion Nacional Del CafÃ©,2017,2017-06-22,7.5,7.58,7.33,7.67,7.58,7.58,10,10,10,7.58,82.83,0.11,1700
288,El Salvador,"el balsamo, quezaltepec",Salvadoran Coffee Council,2016,2016-04-08,7.33,7.67,7.67,7.83,7.33,7.67,10,10,10,7.33,82.83,0,1250
289,Rwanda,gicumbi,Specialty Coffee Association,2015,2016-03-25,7.83,7.92,7.75,7.83,7.75,7.75,9.33,9.33,9.33,8,82.83,0.11,1900
290,Vietnam,vietnam tutra,Specialty Coffee Association,2014,2016-01-19,7.25,7.58,7.5,7.42,7.75,7.42,10,10,10,7.92,82.83,0.11,1040
291,Colombia,huila,Blossom Valley International,2014,2015-03-21,7.83,7.67,7.5,7.58,7.5,7.67,10,10,10,7.08,82.83,0,1600
292,United States,berastagi,Specialty Coffee Association,2014,2015-02-20,7.42,7.58,7.25,7.5,7.75,7.75,10,10,10,7.58,82.83,0,1200
293,Guatemala,antigua,Asociacion Nacional Del CafÃ©,2014,2014-03-24,7.67,7.67,7.75,7.67,7.42,7.17,10,10,10,7.5,82.83,0.1,1500
294,Colombia,santander,AlmacafÃ©,2013,2014-01-20,7.5,7.42,7.58,7.5,7.58,7.58,10,10,10,7.67,82.83,0,1800
295,Colombia,huila,AlmacafÃ©,2013,2013-05-10,7.83,7.5,7.5,7.42,7.5,7.5,10,10,10,7.58,82.83,0.11,1775
296,United Republic Of Tanzania,arusha,Tanzanian Coffee Board,2012,2013-04-19,7.67,7.5,7.33,7.25,7.58,7.75,10,10,10,7.75,82.83,0.11,1400
297,Mexico,la concordia,AMECAFE,2012,2012-08-30,7.58,7.67,7.5,7.58,7.5,7.5,10,10,10,7.5,82.83,0.12,1550
298,Mexico,veracruz,AMECAFE,2012,2012-07-11,7.67,7.58,7.42,7.75,7.42,7.42,10,10,10,7.58,82.83,0.12,1250
299,Mexico,la concordia,AMECAFE,2012,2012-06-06,7.58,7.58,7.5,7.42,7.67,7.58,10,10,10,7.5,82.83,0.11,1380
300,Guatemala,santa rosa,Asociacion Nacional Del CafÃ©,2017,2017-10-17,7.58,7.67,7.5,7.58,7.5,7.42,10,10,10,7.5,82.75,0.11,1800
301,Guatemala,san marcos,Asociacion Nacional Del CafÃ©,2017,2017-09-19,7.5,7.67,7.17,7.67,7.67,7.58,10,10,10,7.5,82.75,0.11,1700
302,Indonesia,sapan toraja,Specialty Coffee Association of Indonesia,2017,2017-08-08,7.5,7.58,7.42,7.58,7.58,7.5,10,10,10,7.58,82.75,0.12,1500
303,El Salvador,cacahuatique,Salvadoran Coffee Council,2017,2017-05-08,7.67,7.67,7.17,7.33,7.58,7.67,10,10,10,7.67,82.75,0,1250
304,Costa Rica,tarrazu,Specialty Coffee Association of Costa Rica,2016,2017-04-28,7.58,7.5,7.42,7.67,7.42,7.5,10,10,10,7.67,82.75,0.09,1850
305,Honduras,comayagua,Instituto HondureÃ±o del CafÃ©,2017,2017-04-06,7.58,7.5,7.42,7.58,7.5,7.5,10,10,10,7.67,82.75,0.09,1400
306,China,yunnan,Yunnan Coffee Exchange,2015,2016-04-06,7.67,7.5,7.33,7.33,7.67,7.67,10,10,10,7.58,82.75,0.1,1100
307,China,menglian,Yunnan Coffee Exchange,2015,2016-04-05,7.5,7.67,7.42,7.67,7.5,7.5,10,10,10,7.5,82.75,0.11,1500
308,Colombia,huila,AlmacafÃ©,2014,2014-11-07,7.5,7.58,7.58,7.75,7.33,7.5,10,10,10,7.5,82.75,0,1775
309,Malawi,mzuzu,Africa Fine Coffee Association,2014,2014-11-04,7.75,7.58,7.42,7.5,7.33,7.5,10,10,10,7.67,82.75,0.12,1442
310,Colombia,antioquia,Specialty Coffee Association of Costa Rica,2013,2014-01-21,7.58,7.33,7.17,7.33,7.25,8.58,10,10,10,7.5,82.75,0.1,1300
311,Mexico,chiapas,AMECAFE,2013,2013-03-29,7.58,7.58,7.5,7.5,7.5,7.5,10,10,10,7.58,82.75,0.12,1550
312,Mexico,veracruz,AMECAFE,2012,2012-07-11,7.58,7.58,7.33,7.75,7.25,7.58,10,10,10,7.67,82.75,0.12,1200
313,Mexico,atoyac de alvarez,AMECAFE,2012,2012-06-06,8.08,8.17,8,8,7.83,7.92,6.67,10,10,8.08,82.75,0.12,1200
314,Colombia,south huila,AlmacafÃ©,2012,2012-04-11,7.5,7.58,7.42,7.67,7.5,7.58,10,10,10,7.5,82.75,0,1625
315,Colombia,huila,AlmacafÃ©,2012,2012-03-05,7.67,7.58,7.58,7.58,7.5,7.42,10,10,10,7.42,82.75,0.11,1775
316,Panama,boquete,Specialty Coffee Association,2012,2012-02-23,7.42,7.42,7.5,7.58,7.5,7.75,10,10,10,7.58,82.75,0,1100
317,Laos,"paksong,laos",Blossom Valley International,2015,2016-06-02,7.67,7.67,7.42,7.42,7.42,7.5,10,10,10,7.58,82.67,0.13,1300
318,El Salvador,"el balsamo, quezaltepec",Salvadoran Coffee Council,2016,2016-03-29,7.67,7.67,7.67,7.67,7.5,7.67,10,10,9.33,7.5,82.67,0,1200
319,Mexico,veracruz,Centro AgroecolÃ³gico del CafÃ© A.C.,2016,2016-02-25,7.5,7.67,7.42,7.75,7.42,7.17,10,10,10,7.75,82.67,0.11,1300
320,United Republic Of Tanzania,karatu arusha,Africa Fine Coffee Association,2014,2014-12-18,7.5,7.5,7.5,7.5,7.5,7.58,10,10,10,7.58,82.67,0.12,1700
321,United Republic Of Tanzania,mbinga,Africa Fine Coffee Association,2014,2014-12-15,7.58,7.5,7.5,7.58,7.33,7.58,10,10,10,7.58,82.67,0.12,1550
322,Taiwan,?????,Blossom Valley International,2014,2014-11-23,8,7.83,7.83,7.42,7.25,7.25,10,10,10,7.08,82.67,0.08,1200
323,Mexico,la yerba,AMECAFE,2014,2014-08-15,7.67,7.58,7.42,7.5,7.42,7.5,10,10,10,7.58,82.67,0.11,1296
324,Uganda,mt elgon,Uganda Coffee Development Authority,2013,2014-06-25,7.67,7.5,7.33,7.67,7.5,7.5,10,10,10,7.5,82.67,0.12,1650
325,Thailand,phahi,Specialty Coffee Institute of Asia,2013,2013-09-03,7.42,7.5,7.5,7.67,7.58,7.5,10,10,10,7.5,82.67,0.11,1500
326,Colombia,huila,AlmacafÃ©,2012,2013-01-22,7.75,7.58,7.67,7.25,7.58,7.42,10,10,10,7.42,82.67,0.11,1800
327,Guatemala,antigua,Asociacion Nacional Del CafÃ©,2012,2012-07-17,7.67,7.67,7.17,7.67,7.5,7.5,10,10,10,7.5,82.67,0.11,1500
328,Taiwan,??? guoshing township,Specialty Coffee Association,2016,2017-08-22,7.67,7.42,7.5,7.42,7.58,7.5,10,10,10,7.5,82.58,0.11,1050
329,Indonesia,aceh,Torch Coffee Lab Yunnan,2015,2015-09-15,7.83,7.58,7.42,7.33,7.42,7.5,10,10,10,7.5,82.58,0.13,1250
330,Thailand,chiangrai,Specialty Coffee Institute of Asia,2014,2015-02-15,7.42,7.58,7.58,7.42,7.58,7.5,10,10,10,7.5,82.58,0.12,1450
331,United Republic Of Tanzania,ikand village,Africa Fine Coffee Association,2014,2014-12-12,7.75,7.42,7.33,7.5,7.58,7.5,10,10,10,7.5,82.58,0.12,1317
332,Uganda,eastern,Uganda Coffee Development Authority,2013,2014-06-30,7.83,7.5,7.42,7.58,7.42,7.42,10,10,10,7.42,82.58,0.12,1650
333,Costa Rica,central valley,Specialty Coffee Association of Costa Rica,2013,2014-05-09,7.67,7.42,7.5,7.67,7,7.75,10,10,10,7.58,82.58,0.11,1300
334,Colombia,huila,AlmacafÃ©,2013,2013-04-16,7.75,7.25,7.33,7.42,7.5,7.83,10,10,10,7.5,82.58,0.11,1750
335,Colombia,huila,AlmacafÃ©,2012,2012-10-09,7.75,7.5,7.75,7.25,7.33,7.58,10,10,10,7.42,82.58,0.11,1750
336,Colombia,huila,AlmacafÃ©,2013,2013-02-27,7.58,7.5,7.42,7.58,7.67,7.42,10,10,10,7.42,82.58,0.11,1750
337,Mexico,oaxaca,AMECAFE,2012,2012-09-04,7.5,7.58,7.5,7.5,7.42,7.5,10,10,10,7.58,82.58,0.1,1250
338,Mexico,colima,AMECAFE,2012,2012-07-02,7.67,7.58,7.58,7.75,7.67,6.83,10,10,10,7.5,82.58,0.12,1150
339,Colombia,huila,AlmacafÃ©,2012,2012-06-13,7.33,7.42,7.58,7.42,7.67,7.5,10,10,10,7.67,82.58,0.11,1775
340,Indonesia,bali,Specialty Coffee Association of Indonesia,2017,2017-09-04,7.83,7.75,7.25,7.5,7.42,7.33,10,10,10,7.42,82.5,0.11,1250
341,Honduras,comayagua,Instituto HondureÃ±o del CafÃ©,2017,2017-06-03,7.58,7.58,7.33,7.5,7.5,7.5,10,10,10,7.5,82.5,0.1,1400
342,Thailand,chiangrai,Specialty Coffee Institute of Asia,2014,2015-02-15,7.33,7.5,7.5,7.5,7.67,7.5,10,10,10,7.5,82.5,0.11,1450
343,United Republic Of Tanzania,karatu arusha,Africa Fine Coffee Association,2014,2014-12-18,7.67,7.42,7.33,7.58,7.5,7.5,10,10,10,7.5,82.5,0.12,1600
344,Mexico,chiapas,Specialty Coffee Association,2013,2014-04-14,7.42,7.58,7.5,7.67,7.25,7.5,10,10,10,7.58,82.5,0,1600
345,Colombia,huila,AlmacafÃ©,2013,2013-05-07,7.5,7.5,7.42,7.42,7.58,7.58,10,10,10,7.5,82.5,0.11,1750
346,Mexico,san bartolo tutotepec,AMECAFE,2012,2012-09-27,7.5,7.58,7.5,7.5,7.42,7.42,10,10,10,7.58,82.5,0.13,1679
347,Mexico,zapotitlan de mendez,AMECAFE,2012,2012-07-26,7.67,7.5,7.33,7.67,7.5,7.33,10,10,10,7.5,82.5,0.12,1100
348,Mexico,la concordia,AMECAFE,2012,2012-06-07,7.92,7.5,7.33,7.58,7.25,7.42,10,10,10,7.5,82.5,0.11,1650
349,Brazil,carmo de minas,NUCOFFEE,2012,2012-03-16,7.67,7.42,7.33,7.67,7.5,7.5,10,10,10,7.42,82.5,0,1250
350,Colombia,huila,AlmacafÃ©,2012,2012-03-05,7.67,7.5,7.33,7.5,7.25,7.67,10,10,10,7.58,82.5,0.11,1775
351,Honduras,"comayagua, honduras",Specialty Coffee Association,2017,2017-09-27,7.42,7.67,7.17,7.58,7.58,7.5,10,10,10,7.5,82.42,0.12,1500
352,Guatemala,san marcos,Asociacion Nacional Del CafÃ©,2017,2017-09-08,7.58,7.5,7.33,7.75,7.33,7.5,10,10,10,7.42,82.42,0.1,1700
353,Guatemala,san marcos,Asociacion Nacional Del CafÃ©,2016,2017-06-01,7.67,7.58,7.25,7.67,7.42,7.33,10,10,10,7.5,82.42,0.12,1700
354,Colombia,guayata,AlmacafÃ©,2016,2016-08-05,5.08,7.75,7.83,7.75,7.83,8.08,10,10,10,8.08,82.42,0.11,1600
355,China,yunnan,Yunnan Coffee Exchange,2015,2016-04-06,7.67,7.42,7.42,7.5,7.42,7.42,10,10,10,7.58,82.42,0.1,1600
356,Guatemala,atitlan,Specialty Coffee Association of Costa Rica,2013,2014-12-18,7.5,7.5,7.5,7.67,7.42,7.5,10,10,10,7.33,82.42,0.1,1400
357,Mexico,la yerba,AMECAFE,2014,2014-08-14,7.42,7.5,7.42,7.58,7.42,7.5,10,10,10,7.58,82.42,0.11,1296
358,Mexico,veracruz,AMECAFE,2013,2013-12-12,7.5,7.58,7.5,7.92,7.42,7.67,9.33,10,10,7.5,82.42,0.12,1170
359,Colombia,huila,AlmacafÃ©,2013,2013-05-31,7.67,7.42,7.33,7.5,7.58,7.5,10,10,10,7.42,82.42,0.11,1775
360,Mexico,chiapas,AMECAFE,2013,2013-03-29,7.5,7.42,7.42,7.67,7.42,7.58,10,10,10,7.42,82.42,0.12,1560
361,Mexico,san pedro cotzilnam,AMECAFE,2012,2012-09-11,7.42,7.58,7.5,7.42,7.58,7.5,10,10,10,7.42,82.42,0.13,1400
362,Mexico,coatepec,AMECAFE,2012,2012-09-10,7.42,7.58,7.33,7.58,7.5,7.5,10,10,10,7.5,82.42,0.14,1300
363,Mexico,xalapa,AMECAFE,2012,2012-08-31,7.75,7.33,7.25,7.58,7.58,7.33,10,10,10,7.58,82.42,0.13,1170
364,Mexico,zihuatanejo de azueta,AMECAFE,2012,2012-07-25,7.5,7.58,7.33,7.5,7.5,7.5,10,10,10,7.5,82.42,0.11,1300
365,Mexico,veracruz,AMECAFE,2012,2012-07-11,7.58,7.58,7.17,7.5,7.5,7.5,10,10,10,7.58,82.42,0.14,1350
366,Mexico,xicotepec de juarez,AMECAFE,2012,2012-07-03,7.58,7.33,7.33,7.58,7.5,7.5,10,10,10,7.58,82.42,0.11,1150
367,Mexico,progreso santa rosa teocelo,AMECAFE,2012,2012-06-06,7.67,7.58,7.33,7.42,7.58,7.33,10,10,10,7.5,82.42,0.13,1250
368,Mexico,fln mirador,AMECAFE,2012,2012-04-09,7.83,7.5,7.42,7.67,7.17,7.33,10,10,10,7.5,82.42,0.12,1450
369,Colombia,huila,AlmacafÃ©,2011,2011-12-22,7.33,7.58,7.17,7.58,7.42,7.58,10,10,10,7.75,82.42,0,1750
370,Honduras,comayagua,Instituto HondureÃ±o del CafÃ©,2017,2017-04-06,7.5,7.58,7.33,7.5,7.42,7.42,10,10,10,7.58,82.33,0.1,1396
371,Costa Rica,tarrazu,Specialty Coffee Association of Costa Rica,2015,2016-07-15,7.75,7.5,7.25,7.25,7.42,7.67,10,10,10,7.5,82.33,0.1,1850
372,Costa Rica,tarrazu,Specialty Coffee Association of Costa Rica,2015,2016-05-17,7.75,7.33,7.5,7.5,7.33,7.58,10,10,10,7.33,82.33,0,1550
373,China,xishuangbanna prefecture,Yunnan Coffee Exchange,2015,2016-04-05,7.5,7.58,7.42,7.5,7.42,7.42,10,10,10,7.5,82.33,0.12,1580
374,Malawi,mzuzu,Africa Fine Coffee Association,2014,2014-11-04,7.33,7.58,7.42,7.58,7.33,7.5,10,10,10,7.58,82.33,0.12,1450
375,Colombia,antioquia,Specialty Coffee Association of Costa Rica,2013,2014-01-21,7.42,7.33,7.5,7.17,7.08,8.33,10,10,10,7.5,82.33,0.1,1300
376,Colombia,huila,AlmacafÃ©,2013,2013-06-21,7.5,7.42,7.5,7.5,7.5,7.58,10,10,10,7.33,82.33,0,1750
377,Mexico,"la concordia, chiapas",AMECAFE,2013,2013-03-15,7.67,7.5,7.42,7.5,7.42,7.42,10,10,10,7.42,82.33,0.12,1300
378,Mexico,veracruz,AMECAFE,2012,2012-08-31,7.67,7.58,7.5,7.58,7.5,7.5,10,10,10,7,82.33,0.13,1170
379,Brazil,grama valley,NUCOFFEE,2012,2012-04-11,7.58,7.5,7.42,7.5,7.5,7.42,10,10,10,7.42,82.33,0.12,1100
380,Mexico,santa catarina juquila,AMECAFE,2012,2012-03-05,8,7.75,7.33,7.33,7.08,7.67,9.33,10,10,7.83,82.33,0.11,1300
381,Guatemala,nuevo oriente,Asociacion Nacional Del CafÃ©,2016,2016-08-31,7.67,7.5,7.25,7.67,7.42,7.42,10,10,10,7.33,82.25,0.11,1450
382,El Salvador,apaneca,Salvadoran Coffee Council,2014,2015-07-08,7.58,7.67,7.5,7.67,7.83,8.42,9.33,9.33,9.33,7.58,82.25,0.12,1500
383,Honduras,marcala,Instituto HondureÃ±o del CafÃ©,2015,2015-04-15,7.58,7.5,7.42,7.58,7.42,7.42,10,10,10,7.33,82.25,0.11,1350
384,Malawi,mzuzu,Africa Fine Coffee Association,2014,2014-11-04,7.58,7.42,7.33,7.42,7.58,7.5,10,10,10,7.42,82.25,0.13,1180
385,Mexico,veracruz,AMECAFE,2013,2013-07-19,7.58,7.58,7.42,7.42,7.42,7.42,10,10,10,7.42,82.25,0.12,1338
386,Mexico,veracruz,AMECAFE,2012,2012-08-31,7.5,7.58,7.42,7.67,7.33,7.42,10,10,10,7.33,82.25,0.13,1170
387,Mexico,juquila,AMECAFE,2012,2012-08-30,7.67,7.58,7.33,7.5,7.42,7.42,10,10,10,7.33,82.25,0.12,1250
388,Mexico,veracruz,AMECAFE,2012,2012-07-11,7.33,7.58,7.42,7.67,7.33,7.5,10,10,10,7.42,82.25,0.11,1100
389,Colombia,huila,AlmacafÃ©,2012,2012-02-22,7.5,7.42,7.67,7.33,7.58,7.33,10,10,10,7.42,82.25,0.12,1750
390,Colombia,huila,AlmacafÃ©,2012,2012-02-09,7.67,7.33,7.33,7.33,7.5,7.5,10,10,10,7.58,82.25,0.11,1775
391,Honduras,comayagua,Instituto HondureÃ±o del CafÃ©,2015,2016-06-09,7.5,7.5,7.17,7.42,7.5,7.5,10,10,10,7.58,82.17,0.11,1500
392,United Republic Of Tanzania,ruvuma,Africa Fine Coffee Association,2015,2015-11-16,7.58,7.42,7.42,7.33,7.5,7.42,10,10,10,7.5,82.17,0.13,1650
393,Honduras,marcala,Instituto HondureÃ±o del CafÃ©,2015,2015-04-15,7.67,7.5,7.25,7.42,7.58,7.42,10,10,10,7.33,82.17,0.11,1350
394,Guatemala,atitlan,Blossom Valley International,2014,2015-03-21,7.42,7.42,7.5,7.5,7.42,7.5,10,10,10,7.42,82.17,0.09,1500
395,United Republic Of Tanzania,"ilomba vilage, mbozi",Africa Fine Coffee Association,2014,2014-12-15,7.75,7.42,7.42,7.58,7.33,7.42,10,10,10,7.25,82.17,0.12,1700
396,Mexico,veracruz,AMECAFE,2013,2014-07-15,7.42,7.33,7.17,7.42,7.33,8.17,10,10,10,7.33,82.17,0.12,1100
397,Mexico,"la concordia, chiapas",Specialty Coffee Association,2013,2014-04-10,7.5,7.5,7.33,7.42,7.5,7.42,10,10,10,7.5,82.17,0.1,1400
398,Colombia,huila,AlmacafÃ©,2013,2013-03-20,7.33,7.25,7.25,7.58,7.75,7.5,10,10,10,7.5,82.17,0,1750
399,Mexico,san bartolo tutotepec,AMECAFE,2012,2012-09-27,7.5,7.67,7,7.5,7.33,7.5,10,10,10,7.67,82.17,0.15,1144
400,Guatemala,oriente,Specialty Coffee Association,2012,2012-08-02,7.25,7.75,7,7.75,8.17,7.75,10,10,9.33,7.17,82.17,0.12,1350
401,Mexico,colima,AMECAFE,2012,2012-07-02,7,7.67,7.5,7.5,7.42,7.5,10,10,10,7.58,82.17,0.1,1200
402,Indonesia,aceh gayo,Specialty Coffee Association of Indonesia,2017,2017-08-03,7.5,7.5,7.42,7.42,7.5,7.42,10,10,10,7.33,82.08,0.15,1300
403,Costa Rica,tres rios,Specialty Coffee Association of Costa Rica,2015,2015-04-10,7.75,7.42,7.42,7.25,7.17,7.42,10,10,10,7.67,82.08,0,1300
404,United Republic Of Tanzania,kilimanjaro,Tanzanian Coffee Board,2014,2015-03-25,7.42,7.33,7.42,7.42,7.5,7.58,10,10,10,7.42,82.08,0.12,1500
405,United Republic Of Tanzania,ngorogoro,Africa Fine Coffee Association,2014,2015-01-08,7.42,7.5,7.5,7.33,7.33,7.5,10,10,10,7.5,82.08,0.12,1600
406,Mexico,coatepec,AMECAFE,2012,2012-09-10,7.42,7.58,7.5,7.33,7.42,7.42,10,10,10,7.42,82.08,0.13,1300
407,Mexico,tapachula,AMECAFE,2012,2012-08-30,7.5,7.42,7.42,7.5,7.25,7.5,10,10,10,7.5,82.08,0.13,1800
408,Mexico,coatepec,AMECAFE,2012,2012-07-26,7.67,7.5,7.25,7.58,7.42,7.33,10,10,10,7.33,82.08,0.11,1250
409,Vietnam,don duong,Specialty Coffee Association,2012,2012-07-23,7.67,8,7.17,7.08,7.67,7.08,10,10,10,7.42,82.08,0.12,1040
410,Mexico,veracruz,AMECAFE,2012,2012-07-11,7.58,7.42,7.25,7.75,7.33,7.42,10,10,10,7.33,82.08,0.11,1250
411,Honduras,el paraÃ­so,Instituto HondureÃ±o del CafÃ©,2017,2017-06-01,7.5,7.5,7.17,7.5,7.5,7.42,10,10,10,7.42,82,0.12,1600
412,Honduras,guinope el paraÃ­so,Instituto HondureÃ±o del CafÃ©,2016,2017-04-06,7.5,7.5,7.25,7.33,7.42,7.5,10,10,10,7.5,82,0.1,1600
413,United Republic Of Tanzania,kilimanjaro,Africa Fine Coffee Association,2015,2015-11-16,7.67,7.33,7.33,7.42,7.42,7.42,10,10,10,7.42,82,0.13,1650
414,Laos,lao p.d.r.,Specialty Coffee Institute of Asia,2015,2015-11-05,7.42,7.5,7.25,7.33,7.5,7.5,10,10,10,7.5,82,0.12,1250
415,United Republic Of Tanzania,meru,Africa Fine Coffee Association,2014,2014-12-18,7.42,7.42,7.33,7.58,7.33,7.42,10,10,10,7.5,82,0.12,1350
416,Costa Rica,central valley,Specialty Coffee Association of Costa Rica,2013,2014-06-09,7.5,7.25,7.33,7.33,7.75,7.5,10,10,10,7.33,82,0.1,1300
417,Honduras,occidental,Instituto HondureÃ±o del CafÃ©,2014,2014-04-30,7.33,7.33,7.33,7.5,7.5,7.83,10,10,10,7.17,82,0.11,1400
418,Colombia,huila,AlmacafÃ©,2013,2013-09-13,7.33,7.33,7.58,7.5,7.5,7.58,10,10,10,7.17,82,0.11,1900
419,Brazil,"minas gerais, br",Specialty Coffee Association,2012,2013-05-21,7.33,7.67,7.42,7.17,7.33,7.42,10,10,10,7.67,82,0.11,1038.5
420,Brazil,cerrado,NUCOFFEE,2012,2012-04-11,7.42,7.5,7.25,7.5,7.5,7.42,10,10,10,7.42,82,0.11,1050
421,Guatemala,oriente,Asociacion Nacional Del CafÃ©,2017,2017-08-22,7.58,7.5,7.25,7.58,7.58,7.5,9.33,10,10,7.58,81.92,0.1,1901
422,Honduras,comayagua,Instituto HondureÃ±o del CafÃ©,2017,2017-06-01,7.58,7.5,7.25,7.33,7.42,7.5,10,10,10,7.33,81.92,0.12,1400
423,El Salvador,"el balsamo, quezaltepec",Salvadoran Coffee Council,2014,2015-05-05,7.67,7.58,7.33,7.5,7.5,7.67,10,10,9.33,7.33,81.92,0.11,1250
424,Guatemala,nuevo oriente,Asociacion Nacional Del CafÃ©,2015,2015-04-20,7.58,7.58,7.17,7.83,7.17,7.33,10,10,10,7.25,81.92,0.11,1550
425,United Republic Of Tanzania,mbeya,Africa Fine Coffee Association,2014,2015-01-06,7.33,7.33,7.33,7.42,7.5,7.58,10,10,10,7.42,81.92,0.12,1877
426,Zambia,mubuyu estate,Specialty Coffee Association,2014,2014-06-20,7.67,7.08,7.42,7.33,7.75,7.42,10,10,10,7.25,81.92,0,1250
427,Mexico,chiapas,AMECAFE,2013,2013-03-29,7.58,7.5,7.25,7.58,7.5,7.25,10,10,10,7.25,81.92,0.12,1300
428,Mexico,veracruz,AMECAFE,2012,2012-07-11,7.33,7.58,7.17,7.58,7.42,7.33,10,10,10,7.5,81.92,0.12,1650
429,Brazil,grama valley,NUCOFFEE,2012,2012-02-29,7.42,7.58,7.25,7.5,7.33,7.5,10,10,10,7.33,81.92,0.12,1100
430,Costa Rica,tarrazu,Specialty Coffee Association,2016,2017-02-13,7.25,7.33,7.5,7.33,7.67,7.42,10,10,10,7.33,81.83,0,1900
431,Indonesia,bali,Specialty Coffee Association,2015,2017-01-19,7.75,7.83,7.58,7.75,7.92,7.83,10,10,10,5.17,81.83,0.11,1250
432,Mexico,chiapas,AsociaciÃ³n Mexicana De CafÃ©s,2015,2015-06-25,7.58,7.5,7.33,7.5,7.17,7.33,10,10,10,7.42,81.83,0.11,1425
433,Honduras,marcala,Instituto HondureÃ±o del CafÃ©,2015,2015-05-12,7.5,7.5,7.33,7.5,7.42,7.25,10,10,10,7.33,81.83,0.12,1400
434,Costa Rica,tres rios,Specialty Coffee Association of Costa Rica,2015,2015-05-07,7.67,7.5,7.5,7.25,7.08,7.42,10,10,10,7.42,81.83,0.09,1300
435,Indonesia,lington nihuta,Blossom Valley International,2014,2015-03-21,7.42,7.42,7.42,7.33,7.42,7.42,10,10,10,7.42,81.83,0.11,1300
436,Malawi,kakoma,Africa Fine Coffee Association,2014,2014-10-31,7.58,7.42,7.33,7.33,7.33,7.42,10,10,10,7.42,81.83,0.13,1556
437,Honduras,comayagua,Instituto HondureÃ±o del CafÃ©,2014,2014-05-16,7.5,7.5,7.33,7.33,7.33,7.33,10,10,10,7.5,81.83,0.1,1350
438,Mexico,"siltepec el triunfo, chiapas, mexico",Specialty Coffee Association,2014,2014-04-26,7.42,7.42,7.25,7.5,7.33,7.42,10,10,10,7.5,81.83,0.11,1550
439,Colombia,huila,AlmacafÃ©,2013,2013-07-19,7.5,7.5,7,7.42,7.5,7.58,10,10,10,7.33,81.83,0,1775
440,Brazil,sul de minas,Specialty Coffee Association,2012,2013-03-02,7.75,7.75,7.5,7.42,7.83,7.75,9.33,9.33,9.33,7.83,81.83,0.12,1250
441,Mexico,veracruz,AMECAFE,2012,2012-08-31,7.83,7.33,7.25,7.58,7.25,7.33,10,10,10,7.25,81.83,0.12,1500
442,Mexico,coatepec,AMECAFE,2012,2012-07-11,7.33,7.33,7.25,7.5,7.5,7.5,10,10,10,7.42,81.83,0.12,1250
443,Guatemala,san marcos,Asociacion Nacional Del CafÃ©,2017,2017-06-22,7.5,7.5,7.25,7.42,7.42,7.33,10,10,10,7.33,81.75,0.11,1700
444,Vietnam,vietnam,Specialty Coffee Association,2014,2015-12-21,7,7.08,7.33,7.5,7.5,7.33,10,10,10,8,81.75,0.12,1040
445,United Republic Of Tanzania,ngorogoro,Africa Fine Coffee Association,2014,2015-01-08,7.42,7.42,7.42,7.42,7.33,7.33,10,10,10,7.42,81.75,0.12,1600
446,Mexico,tepictla,AMECAFE,2012,2012-09-10,7.42,7.5,7.17,7.67,7.33,7.42,10,10,10,7.25,81.75,0.13,1250
447,Mexico,oaxaca,AMECAFE,2012,2012-09-04,7.42,7.5,7.33,7.58,7.33,7.33,10,10,10,7.25,81.75,0.11,1100
448,Mexico,la concordia,AMECAFE,2012,2012-08-30,7.33,7.42,7.33,7.67,7.42,7.25,10,10,10,7.33,81.75,0.12,1550
449,Mexico,la concordia,AMECAFE,2012,2012-06-06,7.5,7.42,7.25,7.33,7.67,7.25,10,10,10,7.33,81.75,0.12,1650
450,Colombia,huila,AlmacafÃ©,2011,2011-12-22,7.33,7.42,7.33,7.33,7.5,7.67,10,10,10,7.17,81.75,0,1750
451,Guatemala,san marcos,Asociacion Nacional Del CafÃ©,2017,2017-08-22,7.42,7.42,7.08,7.42,7.33,7.42,10,10,10,7.58,81.67,0.1,1700
452,Honduras,marcala,Instituto HondureÃ±o del CafÃ©,2016,2016-05-02,7.58,7.5,7.33,7.33,7.42,7.25,10,10,10,7.25,81.67,0.11,1450
453,United Republic Of Tanzania,mbinga,Tanzanian Coffee Board,2016,2016-04-27,7.17,7.33,7.33,7.42,7.5,7.33,10,10,10,7.58,81.67,0,1800
454,United Republic Of Tanzania,mbinga,Africa Fine Coffee Association,2014,2015-01-02,7.42,7.33,7.25,7.42,7.5,7.42,10,10,10,7.33,81.67,0.12,1500
455,United Republic Of Tanzania,"ilomba vilage, mbozi",Africa Fine Coffee Association,2013,2014-12-15,7.33,7.33,7.5,7.25,7.42,7.33,10,10,10,7.5,81.67,0.12,1700
456,Honduras,comayagua,Instituto HondureÃ±o del CafÃ©,2014,2014-05-16,7.5,7.33,7.5,7.5,7.17,7.17,10,10,10,7.5,81.67,0.1,1400
457,Costa Rica,tarrazu,Specialty Coffee Association of Costa Rica,2013,2014-04-26,7.5,7.17,7.17,7.17,7.5,7.08,10,10,10,8.08,81.67,0.11,1850
458,Mexico,"la concordia, chiapas",AMECAFE,2013,2013-03-29,7.5,7.42,7.08,7.58,7.33,7.33,10,10,10,7.42,81.67,0.12,1400
459,Mexico,tuxtla gutierrez,AMECAFE,2012,2012-09-11,7.25,7.67,7.58,7.67,7.67,7.58,8.67,10,10,7.58,81.67,0.13,1650
460,Mexico,yajalon,AMECAFE,2012,2012-08-30,7.67,7.25,7.17,7.75,7.5,7.25,10,10,10,7.08,81.67,0.11,1400
461,Mexico,veracruz,AMECAFE,2012,2012-07-27,7.5,7.42,7.33,7.42,7.42,7.42,10,10,10,7.17,81.67,0.11,1200
462,Mexico,"la concordia, chiapas",AMECAFE,2012,2012-04-02,7.58,7.42,7.25,7.58,7.25,7.17,10,10,10,7.42,81.67,0.11,1400
463,Honduras,western region,Instituto HondureÃ±o del CafÃ©,2018,2018-01-19,7.5,7.42,7.08,7.42,7.5,7.33,10,10,10,7.33,81.58,0.11,1200
464,United Republic Of Tanzania,"oldeani , mongola",Africa Fine Coffee Association,2014,2014-12-18,7.42,7.42,7.33,7.42,7.42,7.33,10,10,10,7.25,81.58,0.12,1800
465,Malawi,mzuzu,Africa Fine Coffee Association,2014,2014-10-31,7.42,7.42,7.17,7.58,7.33,7.33,10,10,10,7.33,81.58,0.13,1100
466,Mexico,"la concordia, chiapas",AMECAFE,2013,2013-03-29,7.67,7.5,7.42,7.5,6.75,7.42,10,10,10,7.33,81.58,0.12,1400
467,Mexico,la concordia,AMECAFE,2012,2012-06-06,7.33,7.5,7.25,7.5,7.5,7.17,10,10,10,7.33,81.58,0.11,1600
468,Mexico,la concordia,AMECAFE,2012,2012-06-06,7.67,7.58,7.42,7.58,7.58,7.42,10,10,8.67,7.67,81.58,0.11,1650
469,Nicaragua,jalapa,Instituto HondureÃ±o del CafÃ©,2017,2017-06-20,7.5,7.42,7.33,7.33,7.25,7.33,10,10,10,7.33,81.5,0.11,1100
470,Honduras,comayagua,Instituto HondureÃ±o del CafÃ©,2017,2017-06-03,7.5,7.5,7.33,7.42,7.17,7.25,10,10,10,7.33,81.5,0.1,1400
471,Costa Rica,occidental,Specialty Coffee Association of Costa Rica,2014,2015-01-07,7.83,7.33,7.08,7.08,7.33,7.5,10,10,10,7.33,81.5,0.12,1200
472,Malawi,mzuzu,Africa Fine Coffee Association,2014,2014-11-04,7.67,7.42,6.92,7.5,7.5,7.17,10,10,10,7.33,81.5,0.12,1599
473,Brazil,sul de minas,Specialty Coffee Association,2014,2014-07-29,7.58,7.5,7.5,7.67,7.67,7.83,9.33,9.33,9.33,7.75,81.5,0,1200
474,Mexico,"la concordia, chiapas",AMECAFE,2013,2013-03-11,7.33,7.33,7.17,7.42,7.5,7.5,10,10,10,7.25,81.5,0.13,1150
475,Mexico,amatenango de la frontera,AMECAFE,2012,2012-08-30,7.58,7.42,7.25,7.42,7.33,7.33,10,10,10,7.17,81.5,0.12,1600
476,Mexico,temaxcalapa,AMECAFE,2012,2012-08-29,7.42,7.25,7.17,7.42,7.17,8,10,10,10,7.08,81.5,0.12,1100
477,Mexico,tapachula,AMECAFE,2012,2012-07-26,7.42,7.42,7.33,7.17,7.25,7.42,10,10,10,7.5,81.5,0.13,1250
478,Mexico,atoyac de alvarez,AMECAFE,2012,2012-07-26,7.5,7.5,7.25,7.5,7.42,7.58,9.33,10,10,7.42,81.5,0.11,1100
479,Indonesia,ijen,Specialty Coffee Association of Indonesia,2012,2012-05-24,7.75,7.17,7.17,7.33,7.58,7.33,10,10,10,7.17,81.5,0.12,1400
480,Mexico,veracruz,Centro AgroecolÃ³gico del CafÃ© A.C.,2017,2017-05-12,7.58,7.33,7.08,7.33,7.5,7.33,10,10,10,7.25,81.42,0.12,1100
481,Honduras,marcala,Instituto HondureÃ±o del CafÃ©,2015,2015-05-12,7.5,7.33,7.17,7.25,7.5,7.42,10,10,10,7.25,81.42,0.12,1400
482,Malawi,mzuzu,Africa Fine Coffee Association,2014,2014-11-04,7.58,7.17,7.33,7.42,7.08,7.42,10,10,10,7.42,81.42,0.12,1422
483,Guatemala,"san lucas toliman, solola",Asociacion Nacional Del CafÃ©,2014,2014-05-26,7.42,7.5,7.17,7.42,7.42,7.42,10,10,10,7.08,81.42,0.1,1550
484,Mexico,siltepec el triunfo,Specialty Coffee Association,2014,2014-05-01,7.67,7.33,7.25,7.17,7.25,7.42,10,10,10,7.33,81.42,0,1550
485,Mexico,"coatepec, coatepec",AMECAFE,2012,2012-06-06,7.42,7.42,7.25,7.25,7.5,7.33,10,10,10,7.25,81.42,0.13,1100
486,Colombia,huila,AlmacafÃ©,2011,2011-11-11,7.5,7.42,7.25,7.17,7.17,7.75,10,10,10,7.17,81.42,0.11,1750
487,Mexico,veracruz,Centro AgroecolÃ³gico del CafÃ© A.C.,2016,2016-02-25,7.67,7.42,7,7.42,7.58,7.08,10,10,10,7.17,81.33,0.12,1130
488,Honduras,marcala,Instituto HondureÃ±o del CafÃ©,2015,2015-05-22,7.58,7.42,7.17,7.42,7.17,7.17,10,10,10,7.42,81.33,0.09,1350
489,Philippines,"davao city, region 11",Specialty Coffee Association,2014,2014-11-13,7.08,7.33,7.42,7.33,7.33,7.5,10,10,10,7.33,81.33,0.14,1400
490,Malawi,mzuzu,Africa Fine Coffee Association,2014,2014-11-04,7.75,7.33,7.08,7.33,7.33,7.25,10,10,10,7.25,81.33,0.13,1200
491,Honduras,san marcos,Instituto HondureÃ±o del CafÃ©,2014,2014-01-22,7.33,7.33,7.17,7.33,7.5,7.33,10,10,10,7.33,81.33,0.12,1450
492,Mexico,tapachula,AMECAFE,2012,2012-08-30,7.58,7.42,7.25,7.33,7.25,7.25,10,10,10,7.25,81.33,0.13,1800
493,Nicaragua,jinotega,AsociaciÃ³n de CafÃ©s Especiales de Nicaragua,2015,2015-07-06,7.08,7.5,7.33,7.17,7.42,7.25,10,10,10,7.5,81.25,0.1,1100
494,Honduras,marcala,Instituto HondureÃ±o del CafÃ©,2015,2015-05-12,7.42,7.17,7.17,7.5,7.33,7.25,10,10,10,7.42,81.25,0.12,1400
495,Guatemala,huehuetenango,Blossom Valley International,2014,2015-03-21,7.33,7.42,7.17,7.25,7.42,7.33,10,10,10,7.33,81.25,0.09,1700
496,United Republic Of Tanzania,karatu ngorogoro,Africa Fine Coffee Association,2014,2014-12-17,7.33,7.17,7.17,7.5,7.25,7.42,10,10,10,7.42,81.25,0.13,1700
497,Mexico,motozintla,AMECAFE,2012,2012-07-26,7.42,7.42,7.33,7.33,7.5,7.42,9.33,10,10,7.5,81.25,0.12,1500
498,Nicaragua,"dipilto, nueva segovia",Instituto HondureÃ±o del CafÃ©,2016,2017-03-08,7.33,7.5,7.17,7.17,7.58,7.17,10,10,10,7.25,81.17,0.09,1200
499,Mexico,"chiapas, jaltenango",AsociaciÃ³n Mexicana De CafÃ©s,2015,2015-06-25,7.75,7.58,7.08,7.25,7.08,7.25,10,10,10,7.17,81.17,0.12,1200
500,Costa Rica,tres rios,Specialty Coffee Association of Costa Rica,2015,2015-05-22,7.5,7.5,7.33,7.17,7.08,7.17,10,10,10,7.42,81.17,0.11,1300
501,Honduras,central region,Instituto HondureÃ±o del CafÃ©,2015,2015-03-11,7.42,7.33,7,7.42,7.33,7.33,10,10,10,7.33,81.17,0.13,1450
502,Thailand,chiangrai,Specialty Coffee Institute of Asia,2014,2015-02-15,6.83,7.42,7.42,7.17,7.5,7.42,10,10,10,7.42,81.17,0.12,1450
503,Philippines,corillera administrative,Specialty Coffee Association,2014,2015-01-08,7.25,7.25,7.25,7.08,7.58,7.5,10,10,10,7.25,81.17,0,1200
504,United Republic Of Tanzania,mbinga,Africa Fine Coffee Association,2014,2014-12-17,7.58,7.17,7.17,7.33,7.33,7.25,10,10,10,7.33,81.17,0.12,1550
505,Costa Rica,central valley,Specialty Coffee Association of Costa Rica,2014,2014-05-09,7.33,7.08,7.33,7.25,7.33,7.58,10,10,10,7.25,81.17,0.11,1300
506,Mexico,tapachula,AMECAFE,2012,2012-08-30,7.42,7.25,7.08,7.75,7.42,7.17,10,10,10,7.08,81.17,0.13,1800
507,Guatemala,oriente,Specialty Coffee Association,2012,2012-08-20,7.42,7.25,7.33,7.25,7.25,7.42,10,10,10,7.25,81.17,0.12,1450
508,Nicaragua,jinotega,AsociaciÃ³n de CafÃ©s Especiales de Nicaragua,2015,2015-03-28,7.33,7.33,7.33,7.42,7.33,7.33,10,10,10,7,81.08,0.11,1100
509,United Republic Of Tanzania,"iwala village, mbeya rural",Africa Fine Coffee Association,2014,2015-01-02,7.42,7.33,7.33,7.25,7.25,7.33,10,10,10,7.17,81.08,0.13,1456
510,Costa Rica,naranjo,Specialty Coffee Association of Costa Rica,2014,2014-12-18,7.42,7.25,7.17,7.25,7.25,7.58,10,10,10,7.17,81.08,0.13,1500
511,Mexico,san fernando,AMECAFE,2012,2012-09-14,7.25,7.42,7.33,7.33,7.17,7.33,10,10,10,7.25,81.08,0.13,1650
512,Mexico,santo reyes nopala,AMECAFE,2012,2012-09-04,7.33,7.25,7.33,7.42,7.25,7.42,10,10,10,7.08,81.08,0.12,1300
513,Mexico,santa maria sitepec,AMECAFE,2012,2012-08-30,7.33,7.33,7.25,7.42,7.25,7.25,10,10,10,7.25,81.08,0.11,1642
514,Mexico,talpa de allende,AMECAFE,2012,2012-07-03,7.42,7.33,7.25,7.42,7.17,7.25,10,10,10,7.25,81.08,0.1,1200
515,El Salvador,apaneca,Salvadoran Coffee Council,2017,2017-08-28,7.42,7.08,7.08,7.33,7.25,7.58,10,10,10,7.25,81,0,1450
516,Colombia,guayata,AlmacafÃ©,2016,2016-07-22,7.67,7.5,7.42,5.25,7.67,7.75,10,10,10,7.75,81,0,1600
517,Honduras,san marcos,Instituto HondureÃ±o del CafÃ©,2014,2015-01-26,7.42,7.25,7.25,7.33,7.25,7.17,10,10,10,7.33,81,0.12,1350
518,United Republic Of Tanzania,arusha,Africa Fine Coffee Association,2014,2014-12-15,7.33,7.33,7.08,7.42,7.17,7.33,10,10,10,7.33,81,0.12,1525
519,Uganda,eastern,Uganda Coffee Development Authority,2013,2014-06-30,7.33,6.92,7.17,7.33,7.42,7.42,10,10,10,7.42,81,0.12,1700
520,Mexico,adolfo lopez mateos,AMECAFE,2012,2012-07-03,7.58,7.67,7.5,7.67,7.58,7.5,8,10,10,7.5,81,0,1100
521,Guatemala,oriente,Asociacion Nacional Del CafÃ©,2017,2017-08-23,7.67,7.67,7.33,7.58,7.67,7.5,9.33,9.33,9.33,7.5,80.92,0.1,1901
522,Kenya,kiambu,Kenya Coffee Traders Association,2017,2017-07-07,7.17,7.58,7.5,7.5,8,7.75,10,10,10,5.42,80.92,0.11,1600
523,Mexico,veracruz,Centro AgroecolÃ³gico del CafÃ© A.C.,2017,2017-05-12,7.5,7.33,7.17,7.42,7.5,7.33,9.33,10,10,7.33,80.92,0.11,1100
524,United Republic Of Tanzania,"manyara, karatu",Africa Fine Coffee Association,2014,2014-12-18,7.33,7.17,7.17,7.25,7.42,7.33,10,10,10,7.25,80.92,0.12,1700
525,Nicaragua,matagalpa,Specialty Coffee Association,2013,2014-07-16,7.33,7.08,7.25,7,7.5,7.42,10,10,10,7.33,80.92,0.1,1050
526,Mexico,ixhuatlan del cafe,AMECAFE,2012,2012-07-11,7.58,7.33,7.08,7.5,7.17,7.25,10,10,10,7,80.92,0.13,1186
527,Laos,"paksong,laos",Blossom Valley International,2016,2017-06-22,7.42,7.33,7.17,7.17,7.17,7.25,10,10,10,7.33,80.83,0,1300
528,Guatemala,orient,Specialty Coffee Association of Costa Rica,2013,2014-05-26,7.67,7.25,7.08,7.33,7.17,7.25,10,10,10,7.08,80.83,0.11,1200
529,Mexico,motozintla,AMECAFE,2012,2012-08-30,7.17,7.08,7.25,7.42,7.25,7.33,10,10,10,7.33,80.83,0.13,1210
530,Mexico,oaxaca,AMECAFE,2012,2012-08-29,7.33,7.25,7.33,7.33,7.25,7.17,10,10,10,7.17,80.83,0.11,1100
531,Honduras,"siguatepeque, comayagua",Instituto HondureÃ±o del CafÃ©,2015,2015-05-25,7.5,7.33,7,7.42,7.25,7.17,10,10,10,7.08,80.75,0.11,1450
532,Panama,boquete,Blossom Valley International,2014,2015-05-23,7.25,7.33,7.17,7.33,7.33,7.17,10,10,10,7.17,80.75,0.11,1680
533,Honduras,marcala,Instituto HondureÃ±o del CafÃ©,2015,2015-05-22,7.42,7.17,7.08,7.42,7.25,7.25,10,10,10,7.17,80.75,0.09,1350
534,Honduras,central region,Instituto HondureÃ±o del CafÃ©,2015,2015-03-11,7.25,7.33,7.08,7.5,7.25,7.33,10,10,10,7,80.75,0.13,1450
535,Costa Rica,san ramon,Specialty Coffee Association,2014,2014-04-11,7.33,7.33,7.25,7.25,7.17,7.17,10,10,10,7.25,80.75,0.11,1300
536,Mexico,oaxaca,AMECAFE,2012,2012-09-04,7.58,7.33,7.42,7.25,7.5,7.5,9.33,9.33,10,7.5,80.75,0.11,1200
537,Indonesia,sumatra brastagi,Specialty Coffee Association,2015,2015-11-10,7.58,7.42,7,7.67,7.5,7.5,9.33,9.33,10,7.33,80.67,0.13,1350
538,Mexico,"el desmoronado, talpan de allende jalisco",AMECAFE,2014,2014-10-23,7.25,7.17,7.17,7.25,7.17,7.42,10,10,10,7.25,80.67,0.12,1200
539,Colombia,santander,AlmacafÃ©,2014,2014-04-14,7.67,7.5,7.42,7.67,7.5,7.75,10,10,6.67,8.5,80.67,0,1550
540,Guatemala,"san lucas toliman, solola",Asociacion Nacional Del CafÃ©,2013,2013-06-05,7.67,7.17,7,7.5,7,7,10,10,10,7.33,80.67,0.12,1550
541,United Republic Of Tanzania,arusha,Africa Fine Coffee Association,2014,2015-01-06,7.25,7.08,7.08,7.33,7.33,7.25,10,10,10,7.25,80.58,0.12,1400
542,Honduras,occidental,Instituto HondureÃ±o del CafÃ©,2014,2014-04-30,7.5,7.17,7,7.42,7.33,7,10,10,10,7.17,80.58,0.11,1400
543,Guatemala,santa rosa,Asociacion Nacional Del CafÃ©,2017,2017-09-08,7.33,7.25,7.08,7.17,7.25,7.17,10,10,10,7.25,80.5,0.1,1500
544,Honduras,ocotepeque,Instituto HondureÃ±o del CafÃ©,2017,2017-08-23,7.58,7.33,7,7.17,7.33,7.08,10,10,10,7,80.5,0.11,1650
545,Brazil,mantiqueira de minas,Specialty Coffee Association,2013,2014-04-17,7.42,7.42,7.08,7.33,7.67,7.5,9.33,9.33,10,7.42,80.5,0.1,1250
546,Mexico,zaragoza itundujia,AMECAFE,2012,2012-09-17,7.25,7.25,7.08,7.33,7.25,7.17,10,10,10,7.17,80.5,0.15,1450
547,Honduras,marcala,Instituto HondureÃ±o del CafÃ©,2016,2016-02-03,7.25,7.42,7,7.42,7.33,7,10,10,10,7,80.42,0.1,1450
548,El Salvador,"department of ahuachapan, municipality of apanecallamatepec mountain",Specialty Coffee Association,2013,2014-04-26,7.33,7.17,7.08,7.08,7.33,7.17,10,10,10,7.25,80.42,0,1450
549,China,yunnan,Specialty Coffee Association,2013,2014-01-17,7.25,7.08,7.25,7.17,7.33,7.17,10,10,10,7.17,80.42,0.17,1700
550,Mexico,pochutla,AMECAFE,2012,2012-09-04,6.92,7.17,7.08,7.5,7.33,7.17,10,10,10,7.25,80.42,0.1,1050
551,Mexico,la concordia,AMECAFE,2012,2012-08-30,7.42,7.08,7.08,7.33,7.25,7.17,10,10,10,7.08,80.42,0.12,1550
552,Burundi,mumirwa,Kenya Coffee Traders Association,2016,2016-01-22,7.08,7.25,7.17,7.33,7.08,7.08,10,10,10,7.33,80.33,0.12,1700
553,Honduras,comayagua,Instituto HondureÃ±o del CafÃ©,2016,2017-04-06,7.25,7.25,7,7,7.42,7,10,10,10,7.33,80.25,0.1,1400
554,Mexico,sierra madre occidental,Centro AgroecolÃ³gico del CafÃ© A.C.,2016,2016-04-26,7.25,7.17,7,7.33,7.33,7,10,10,10,7.17,80.25,0.1,1600
555,Guatemala,oriente,Specialty Coffee Association,2012,2013-01-09,7,7.17,7.33,7.33,7,7.17,10,10,10,7.25,80.25,0.11,1400
556,Vietnam,dala,Specialty Coffee Association,2017,2017-05-09,7.42,7.25,7.25,7.58,7.42,7.33,8.67,10,10,7.25,80.17,0,1550
557,Nicaragua,jinotega,AsociaciÃ³n de CafÃ©s Especiales de Nicaragua,2015,2015-04-24,7.17,7.08,7.08,7.33,7.25,7.08,10,10,10,7.17,80.17,0.11,1187.5
558,Honduras,marcala,Instituto HondureÃ±o del CafÃ©,2015,2015-01-26,7.25,7.25,7,7.17,7.08,7.08,10,10,10,7.33,80.17,0.11,1400
559,Mexico,coatepec,AMECAFE,2012,2012-10-09,7.33,7.08,6.92,7.42,7.25,7.08,10,10,10,7.08,80.17,0.11,1250
560,Mexico,zaragoza itundujia,AMECAFE,2012,2012-09-13,7.58,7.42,7.33,7.5,7.08,7.17,8.67,10,10,7.42,80.17,0.14,1550
561,Mexico,zaragoza itundujia,AMECAFE,2012,2012-09-14,7.33,7.17,7.25,7.08,7.08,7.08,10,10,10,7.08,80.08,0.15,1300
562,Mexico,escuitla,AMECAFE,2012,2012-08-30,7.25,7.08,7,7.17,7.33,7.17,10,10,10,7.08,80.08,0.14,1300
563,Nicaragua,jinotega,Instituto HondureÃ±o del CafÃ©,2017,2017-06-13,7.33,7.08,6.92,7.08,7.42,7.17,10,10,10,7,80,0.1,1250
564,Mexico,"sierra fraylesca, chiapas",Specialty Coffee Association,2014,2014-05-01,7.58,7.75,7.42,7.5,7.5,7.5,8.67,8.67,10,7.42,80,0,1400
565,Mexico,coatepec,AMECAFE,2012,2012-09-10,7.25,7.25,7.08,7.17,7.33,7.33,9.33,10,10,7.25,80,0.12,1250
566,Mexico,san miguel del puerto,AMECAFE,2012,2012-09-04,7.08,7.33,7,7.33,7.08,7,10,10,10,7.17,80,0.11,1100
567,Mexico,chiapas,AMECAFE,2013,2013-03-29,7.33,7.08,7.08,7.33,7.42,7.17,9.33,10,10,7.17,79.92,0.12,1300
568,Mexico,"motozintla, chiapas",AMECAFE,2012,2012-09-11,7.17,7.17,6.92,7.25,7.33,7.08,10,10,10,7,79.92,0.12,1100
569,Mexico,veracruz,AMECAFE,2012,2012-08-30,7.5,7.17,7,7.17,7.25,7.08,10,10,10,6.75,79.92,0,1100
570,Mexico,jaltenango,AMECAFE,2012,2012-07-26,7.17,7.08,7.08,7.08,7.5,7.33,9.33,10,10,7.33,79.92,0.11,1100
571,Mexico,coatepec,AMECAFE,2012,2012-07-11,7.33,7.25,7,7.42,7.17,7.17,9.33,10,10,7.25,79.92,0.12,1250
572,Mexico,veracruz,AMECAFE,2012,2012-07-11,7.17,7.33,7.08,7.58,7.33,7.08,10,9.33,10,7,79.92,0.11,1250
573,Kenya,kiambu,Kenya Coffee Traders Association,2017,2017-08-25,7,7.08,7,7.17,7.25,7.25,10,10,10,7.08,79.83,0.11,1500
574,Guatemala,san marcos,Asociacion Nacional Del CafÃ©,2017,2017-08-22,7.33,7.25,6.92,7.33,7.25,7.33,9.33,10,10,7.08,79.83,0.1,1700
575,Nicaragua,jinotega,AsociaciÃ³n de CafÃ©s Especiales de Nicaragua,2014,2015-03-30,6.83,7.17,7.17,6.92,7.5,7.08,10,10,10,7.17,79.83,0.11,1250
576,Mexico,veracruz,AMECAFE,2012,2012-07-11,7.17,7.08,7,7.25,7.5,7,10,10,10,6.83,79.83,0.12,1300
577,Costa Rica,brunca,Specialty Coffee Association,2013,2013-09-23,7.58,7.5,7.67,7.75,7.67,7.58,8,8,10,8,79.75,0.1,1100
578,Mexico,"la concordia, chiapas",AMECAFE,2013,2013-03-29,7.58,7.08,7,7,7.5,6.92,10,10,10,6.67,79.75,0.12,1400
579,Mexico,chiapas,AMECAFE,2013,2013-03-29,7.58,7.08,6.92,7.58,7.5,6.92,10,9.33,10,6.83,79.75,0.13,1022
580,Mexico,chiapas,AMECAFE,2013,2013-03-29,7.25,7.08,7,7.17,7.17,7.08,10,10,10,7,79.75,0.12,1300
581,Mexico,zaragoza itundujia,AMECAFE,2012,2012-09-14,7.25,7.17,7.17,7.08,7.17,7,10,10,10,6.92,79.75,0.14,1450
582,Mexico,pochutla,AMECAFE,2012,2012-09-04,7.33,7.25,7,7.08,7.08,7,10,10,10,7,79.75,0.1,1050
583,Mexico,tuxtla gutierrez,AMECAFE,2012,2012-06-06,7.25,6.83,6.92,7.08,7.25,7.08,10,10,10,7.33,79.75,0.12,1100
584,El Salvador,cacahuatique,Salvadoran Coffee Council,2016,2017-03-23,7.25,7.08,7,6.83,7.33,7.17,10,10,10,7,79.67,0,1250
585,Mexico,"la concordia, chiapas",AMECAFE,2013,2013-03-29,7.42,7.25,6.83,7.58,7.17,6.58,10,10,10,6.83,79.67,0.12,1400
586,Mexico,"coatepec, coatepec",AMECAFE,2012,2012-06-04,6.92,7.17,7.17,7.17,7.08,7.08,10,10,10,7.08,79.67,0,1264
587,Mexico,tepetzingo,AMECAFE,2012,2012-09-17,7.08,7,6.92,7.33,7.25,7.08,10,10,10,6.92,79.58,0.12,1250
588,Mexico,la concordia,AMECAFE,2012,2012-08-30,7.25,6.92,6.92,7.33,7.25,7,10,10,10,6.92,79.58,0.13,1550
589,Nicaragua,jinotega,AsociaciÃ³n de CafÃ©s Especiales de Nicaragua,2015,2015-07-06,6.92,6.92,7,7.42,7.25,7,10,10,10,7,79.5,0.12,1050
590,Colombia,cundinamarca,AlmacafÃ©,2013,2013-06-21,7.83,7.5,7.42,7.42,7.67,7.5,10,6.67,10,7.5,79.5,0,1550
591,Mexico,la concordia,AMECAFE,2012,2012-08-01,7.25,7.08,6.92,7.25,7.58,7.08,9.33,10,10,7,79.5,0.12,1550
592,Mexico,"coatepec, coatepec",AMECAFE,2012,2012-07-11,7.25,7.33,7,7.25,7.17,7.17,9.33,10,10,7,79.5,0.12,1100
593,Colombia,pereira,Specialty Coffee Association,2013,2014-01-08,7.42,7.25,6.75,7.25,7.42,7.25,9.33,9.33,10,7.33,79.33,0,1200
594,Honduras,ocotepeque,Instituto HondureÃ±o del CafÃ©,2017,2017-07-27,7.58,7,6.75,6.92,7,6.92,10,10,10,7,79.17,0.11,1650
595,Guatemala,occidente,Asociacion Nacional Del CafÃ©,2016,2016-05-23,7.08,7,6.92,7.42,7,6.92,10,10,10,6.83,79.17,0.11,1320
596,Guatemala,nuevo oriente,Asociacion Nacional Del CafÃ©,2015,2015-06-30,7.25,7.17,6.75,7.25,7,6.92,10,10,10,6.83,79.17,0.11,1550
597,Mexico,zaragoza itundujia,AMECAFE,2012,2012-09-13,7.25,7.08,6.92,7.08,7.17,7.17,9.33,10,10,7.17,79.17,0.14,1550
598,Mexico,yajalon,AMECAFE,2012,2012-08-30,7.17,6.92,6.92,7.08,7.17,7,10,10,10,6.92,79.17,0.14,1450
599,Guatemala,san marcos,Asociacion Nacional Del CafÃ©,2017,2017-08-23,7.58,7.67,7.42,7.42,7.67,7.67,8.67,8.67,8.67,7.67,79.08,0.1,1700
600,Mexico,zaragoza itundujia,AMECAFE,2012,2012-09-13,7.33,7,6.92,7.25,7.33,7.08,9.33,10,10,6.83,79.08,0.16,1500
601,Mexico,tlacuilotepec,AMECAFE,2012,2012-09-12,7.25,7.08,6.75,7.33,7.42,7,9.33,10,10,6.92,79.08,0.11,1100
602,Mexico,talpa de allende,AMECAFE,2012,2012-07-03,7.17,7.25,7.25,7.17,7.25,7.08,9.33,9.33,10,7.25,79.08,0.1,1200
603,Honduras,intibuca,Instituto HondureÃ±o del CafÃ©,2014,2014-04-26,7,7,7,7,7,7,10,10,10,7,79,0.11,1350
604,Peru,san ignacio,Specialty Coffee Association,2012,2013-01-08,7.67,7.17,7.08,7.25,8,7.5,8.67,9.33,9.33,7,79,0,1400
605,Mexico,"iliatenco, guerrero",AMECAFE,2012,2012-09-17,6.75,7.08,6.67,7.25,7.17,7.08,10,10,10,7,79,0.12,1300
606,Mexico,zaragoza itundujia,AMECAFE,2012,2012-09-12,7.5,7.17,6.92,7.5,7.25,7,8.67,10,10,7,79,0.14,1550
607,Mexico,"la concordia, chiapas",AMECAFE,2013,2013-03-12,7.33,7,6.75,7.08,7.17,7.25,9.33,10,10,7,78.92,0.12,1300
608,Mexico,zaragoza itundujia,AMECAFE,2012,2012-09-17,7.5,7,6.92,7.08,6.92,6.75,10,10,10,6.75,78.92,0.16,1400
609,Nicaragua,jalapa,Instituto HondureÃ±o del CafÃ©,2016,2017-05-22,7.17,7,6.92,7,7,7,10,10,10,6.75,78.83,0.1,1100
610,Mexico,veracruz,AMECAFE,2012,2012-08-01,7.25,6.83,6.83,7,7.17,7,10,10,10,6.67,78.75,0.14,1320
611,Mexico,veracruz,AMECAFE,2012,2012-07-16,7.25,7.33,7.17,7.25,7.08,7,8.67,10,10,7,78.75,0.14,1250
612,Mexico,"ohuapan, tlaltetela",AMECAFE,2012,2012-06-06,7.67,7.17,6.83,7.33,7.58,7.17,9.33,10,8.67,7,78.75,0.12,1350
613,China,yunnan,Specialty Coffee Association,2013,2014-04-26,7,6.92,6.83,7.17,7.17,7.17,10,10,9.33,7.08,78.67,0,1850
614,Mexico,yecuatla,AMECAFE,2012,2012-09-17,6.92,6.92,6.67,7.25,7.17,6.92,10,10,10,6.83,78.67,0.13,1150
615,Mexico,tapachula,AMECAFE,2012,2012-07-26,7,7,6.75,7.33,6.92,6.92,10,10,10,6.67,78.58,0.13,1400
616,Mexico,cofradia de suchitlan,AMECAFE,2012,2012-07-02,7.92,7.58,7.58,7.92,7.92,7.5,8,6.67,10,7.5,78.58,0.1,1300
617,Mexico,"sierra, chiapas",Specialty Coffee Association,2014,2014-04-26,7.25,6.75,6.92,6.92,7.25,7.58,9.33,9.33,10,7.17,78.5,0,1600
618,Mexico,villa talea de castro,AMECAFE,2012,2012-09-14,7.08,6.83,6.83,7,7,6.92,10,10,10,6.83,78.5,0.12,1400
619,Mexico,los angeles,AMECAFE,2012,2012-07-26,7.25,7.17,7,6.83,7.58,7.08,8.67,10,10,6.92,78.5,0.13,1200
620,Mexico,zaragoza itundujia,AMECAFE,2012,2012-09-14,7.58,7.17,7,7.17,7.33,7,8,10,10,7.17,78.42,0.14,1500
621,Mexico,"xochitonalco, huautla        ",AMECAFE,2012,2012-09-11,7.25,7.25,7,7.5,7.33,7.42,8,9.33,10,7.75,78.33,0.13,1300
622,Indonesia,ijen,Specialty Coffee Association of Indonesia,2016,2017-07-18,6.92,6.83,6.92,6.92,6.92,6.83,10,10,10,6.83,78.17,0.13,1300
623,Mexico,cordoba,AMECAFE,2012,2012-07-11,7.08,6.83,6.67,7.25,7.25,6.92,10,9.33,10,6.75,78.08,0.11,1050
624,Honduras,intibuca,Instituto HondureÃ±o del CafÃ©,2014,2014-05-15,6.83,7,6.67,7,7,6.83,10,10,10,6.67,78,0.11,1350
625,China,yunnan,Specialty Coffee Association,2013,2013-09-05,7.33,7.17,6.92,7.08,7.33,7,9.33,9.33,9.33,7.17,78,0.1,1200
626,Costa Rica,occidental,Specialty Coffee Association of Costa Rica,2014,2015-02-03,7.5,7.25,7.42,7,7.08,6.83,8.67,9.33,10,6.83,77.92,0.12,1200
627,Mexico,petatlan,AMECAFE,2012,2012-07-26,7.42,7.25,7,7,7.25,7.08,8,10,10,6.92,77.92,0.11,1248
628,Mexico,coatepec,AMECAFE,2012,2012-09-17,7.17,6.75,6.58,6.75,6.83,6.75,10,10,10,6.67,77.5,0.13,1300
629,Mexico,zaragoza itundujia,AMECAFE,2012,2012-09-13,7.33,7,6.67,7,6.92,6.92,9.33,9.33,10,6.83,77.33,0.15,1500
630,Mexico,"motozintla, chiapas",AMECAFE,2012,2012-09-11,7.08,7,7,7.25,7.33,7.25,8.67,8.67,10,6.92,77.17,0.12,1200
631,Peru,san ignacio,Specialty Coffee Association,2014,2015-06-16,7.42,7.75,7.42,7.67,7.92,7.83,8.67,5.33,9.33,7.67,77,0,1200
632,Mexico,coatepec,AMECAFE,2012,2012-07-26,7.17,6.58,6.58,7,7.25,6.58,9.33,9.33,10,6.58,76.42,0.13,1100
633,Mexico,zaragoza itundujia,AMECAFE,2012,2012-09-17,7.42,7,6.83,7.08,6.92,6.83,7.33,10,10,6.75,76.17,0.16,1400
634,Mexico,tepictla,AMECAFE,2012,2012-09-10,7.08,6.83,6.83,7.17,7.17,7.08,10,7.33,10,6.58,76.08,0.12,1250
635,Honduras,intibuca,Instituto HondureÃ±o del CafÃ©,2014,2014-05-15,6.83,6.83,6.67,6.83,7,6.83,9.33,8.67,10,7,76,0.11,1350
636,Mexico,tlacuilotepec,AMECAFE,2012,2012-09-12,7.5,7.25,6.92,7,7.17,6.83,8,8,10,6.83,75.5,0.11,1100
637,Mexico,ocosingo,AMECAFE,2012,2012-09-12,7.17,6.92,6.67,6.83,7.25,7.75,10,6,10,6.58,75.17,0.11,1200
638,Mexico,huautla de jimenez,AMECAFE,2012,2012-03-05,7.17,7.17,6.83,7.17,7.42,6.67,8.67,7.33,10,6.75,75.17,0.13,1280
639,Mexico,zaragoza itundujia,AMECAFE,2012,2012-09-13,7.08,6.75,6.58,7,7,6.75,8.67,8.67,10,6.42,74.92,0.17,1500
640,Mexico,coatepec,AMECAFE,2012,2012-08-01,7.33,6.75,6.67,7.25,7.5,7,10,5.33,10,7,74.83,0.12,1250
641,Mexico,chiapas,AMECAFE,2013,2013-03-29,7.08,7,6.83,7.5,7.33,6.83,8,7.33,10,6.75,74.67,0.12,1700
642,Mexico,"chocaman, veracruz",AMECAFE,2012,2012-09-10,7,6.58,6.67,6.83,7.08,6.83,10,6.67,10,6.67,74.33,0.14,1140
643,Mexico,xalapa,AMECAFE,2012,2012-09-17,6.92,6.42,6.17,7.33,7.25,6.75,10,6.67,10,6.5,74,0.13,1200
644,Mexico,coatepec,AMECAFE,2012,2012-08-01,7.67,7,7.17,7.58,7.33,7.33,10,2.67,10,7.08,73.83,0.12,1250
645,Honduras,intibuca,Instituto HondureÃ±o del CafÃ©,2014,2014-04-26,7,7.17,6.83,7.17,7,7.17,8,8,8,7.08,73.42,0.11,1350
646,Mexico,sierra alta mixe y zapoteca,Specialty Coffee Association,2014,2014-05-08,7.08,7.08,6.92,7.08,6.92,6.92,8,8,8,6.92,72.92,0,1200
647,Haiti,marmelade,Specialty Coffee Association,2010,2011-08-23,6.92,6.75,7.08,7.17,7.33,6.67,10,5.33,8.67,6.42,72.33,0.08,1020
648,Costa Rica,occidental,Specialty Coffee Association of Costa Rica,2014,2015-02-03,6.33,6.5,6.33,6.83,6.33,6.5,10,6.67,10,6.25,71.75,0.11,1200
649,Mexico,veracruz,AMECAFE,2012,2012-07-11,6.5,6.67,6.42,7.17,7.33,6.5,8,6,10,6.42,71,0.11,1800
650,Honduras,marcala,Instituto HondureÃ±o del CafÃ©,2014,2014-05-15,6.67,6.5,6.17,6.67,6.83,6.17,8,8,8,6.33,69.33,0.1,1450
651,Honduras,marcala,Instituto HondureÃ±o del CafÃ©,2014,2014-05-15,7,6.17,6.17,6.67,6.5,6.17,8,8,8,6.5,69.17,0.1,1450
652,Honduras,marcala,Instituto HondureÃ±o del CafÃ©,2014,2014-05-15,7,6.33,6.17,6.5,6.67,6.17,8,8,8,6.33,69.17,0.1,1450
653,Nicaragua,jalapa,Instituto HondureÃ±o del CafÃ©,2016,2017-06-06,7.25,6.58,6.33,6.25,6.42,6.08,6,6,6,6.17,63.08,0.13,1100
